Date,Open,High,Low,Close
2016/9/5,9032.38,9100.05,9032.38,9090.13
2016/9/2,9015.63,9038.48,8958.81,8987.55
2016/9/1,9055.73,9069.13,8980.21,9001.15
2016/8/31,9122.19,9130.76,9044.5,9068.85
2016/8/30,9113.34,9134.37,9093.87,9110.56
2016/8/29,9117.53,9136.42,9027.35,9110.17
2016/8/26,9097.02,9131.72,9092.08,9131.72
2016/8/25,9034.47,9115.47,9031.34,9115.47
2016/8/24,9043.13,9054.76,9016.39,9017.38
2016/8/23,8987.07,9046.3,8986.76,9030.93
2016/8/22,9004.68,9012.72,8928.33,8981.81
2016/8/19,9139.69,9175.13,9034.27,9034.27
2016/8/18,9104.88,9128.8,9093.51,9122.5
2016/8/17,9121.18,9133.07,9073.27,9117.7
2016/8/16,9146.09,9165.58,9082.34,9110.36
2016/8/15,9152.36,9162.02,9117.26,9148.51
2016/8/12,9135.34,9173.72,9135.34,9150.39
2016/8/11,9168.7,9187.18,9063.81,9131.83
2016/8/10,9160.94,9200.42,9131.63,9200.42
2016/8/9,9154,9168.34,9127.63,9155.08
2016/8/8,9123.07,9153.99,9104.43,9150.26
2016/8/5,9025.76,9101.71,9023.23,9092.12
2016/8/4,9009.29,9035.25,8972.31,9024.71
2016/8/3,9000.82,9033.95,8948.4,9001.71
2016/8/2,9081.06,9086.42,9052.71,9068.76
2016/8/1,9008.74,9080.71,9008.74,9080.71
2016/7/29,9066.37,9071.51,8984.41,8984.41
2016/7/28,9060.48,9081.4,9015.35,9076.64
2016/7/27,9058.19,9084.9,9042.14,9063.39
2016/7/26,8983.55,9024.79,8960.48,9024.79
2016/7/25,9030.36,9085.91,8916.05,8991.67
2016/7/22,9055.17,9060.15,9004.24,9013.14
2016/7/21,9010.22,9075.89,9009.79,9056.56
2016/7/20,9013.52,9034.13,8969.19,9007.68
2016/7/19,9018.8,9034.87,8972.83,9034.87
2016/7/18,8952.61,9008.21,8952.61,9008.21
2016/7/15,8857.15,8949.85,8857.15,8949.85
2016/7/14,8837.76,8877.31,8818.26,8866.36
2016/7/13,8847.04,8865.42,8800.17,8857.75
2016/7/12,8794.73,8841.46,8794.3,8841.46
2016/7/11,8728.23,8795.8,8728.23,8786.47
2016/7/7,8605.38,8653.7,8605.38,8640.91
2016/7/6,8673.53,8673.53,8569.15,8575.75
2016/7/5,8738.41,8747.06,8693.76,8716.07
2016/7/4,8728.32,8782.38,8712.12,8760.58
2016/7/1,8692.48,8755.62,8680.53,8738.24
2016/6/30,8615.46,8666.58,8583.77,8666.58
2016/6/29,8530.37,8609.23,8530.37,8586.56
2016/6/28,8438.76,8505.51,8396.01,8505.51
2016/6/27,8406.29,8468.66,8386.27,8458.87
2016/6/24,8684.53,8691.3,8374.26,8476.99
2016/6/23,8706.08,8711.21,8662.78,8676.68
2016/6/22,8675.12,8716.25,8653.04,8716.25
2016/6/21,8633.21,8684.85,8627.4,8684.85
2016/6/20,8612.26,8642.15,8604.81,8625.92
2016/6/17,8538.28,8607.16,8538.28,8568.08
2016/6/16,8583.19,8584.67,8476.84,8494.14
2016/6/15,8566.43,8608.29,8524.55,8606.37
2016/6/14,8513.51,8577.31,8503.42,8576.12
2016/6/13,8634.24,8634.24,8520.21,8536.22
2016/6/8,8704.66,8754.82,8690.59,8715.48
2016/6/7,8622.21,8692.73,8621.46,8679.9
2016/6/6,8605.15,8664.12,8557.68,8597.11
2016/6/3,8565.18,8601.05,8559.77,8587.36
2016/6/2,8598.47,8635.03,8553.54,8556.02
2016/6/1,8516.08,8603.63,8514.12,8597.16
2016/5/31,8532.21,8545.73,8488.9,8535.59
2016/5/30,8476.62,8563.4,8462.15,8535.87
2016/5/27,8415.59,8463.61,8415.59,8463.61
2016/5/26,8400.89,8410.74,8376.6,8394.12
2016/5/25,8352.84,8417.27,8352.84,8396.2
2016/5/24,8329.69,8354.62,8298,8300.66
2016/5/23,8150.38,8356.96,8119.71,8344.44
2016/5/20,8108.68,8165.98,8080.65,8131.26
2016/5/19,8159.93,8166.96,8067.33,8095.98
2016/5/18,8115.61,8159.68,8061.26,8159.68
2016/5/17,8081.89,8151.2,8047.31,8140.48
2016/5/16,8035.21,8091.48,8003.93,8067.6
2016/5/13,8095.93,8095.93,7999.98,8053.69
2016/5/12,8122.78,8162.44,8105.49,8108.05
2016/5/11,8182.92,8204.51,8115.44,8135.56
2016/5/10,8119.71,8168.13,8075.58,8156.29
2016/5/9,8156.65,8177.36,8106.13,8131.83
2016/5/6,8169.54,8170.68,8104.16,8146.43
2016/5/5,8182.05,8207.98,8122.34,8167.96
2016/5/4,8282.52,8285.96,8153.57,8185.47
2016/5/3,8362.35,8363.59,8268.41,8294.12
2016/4/29,8424.04,8424.04,8352.23,8377.9
2016/4/28,8586.92,8595.99,8456.38,8473.87
2016/4/27,8561.37,8597.64,8537.03,8563.05
2016/4/26,8556.37,8622.42,8554.55,8581.57
2016/4/25,8541.14,8560.28,8513.73,8560.28
2016/4/22,8560.21,8580.33,8501.03,8535.75
2016/4/21,8549.14,8568.65,8508.92,8568.65
2016/4/20,8649.09,8695.22,8502.55,8514.48
2016/4/19,8701.75,8743.35,8627.29,8633.72
2016/4/18,8681.8,8686.98,8650.13,8666.01
2016/4/15,8634.23,8700.39,8613.25,8700.39
2016/4/14,8684.93,8719.15,8653.84,8667.71
2016/4/13,8562.79,8653.08,8561.9,8652.08
2016/4/12,8561.21,8613.56,8520.14,8531.18
2016/4/11,8518.96,8568.44,8476.57,8562.59
2016/4/8,8464.78,8546.31,8452.05,8541.5
2016/4/7,8523.25,8529.44,8436.54,8490.25
2016/4/6,8605.16,8605.16,8496.89,8513.3
2016/4/1,8700.38,8704.53,8628.94,8657.55
2016/3/31,8757.22,8803.91,8695.08,8744.83
2016/3/30,8624.93,8744.47,8624.93,8737.04
2016/3/29,8687.06,8711.11,8585.71,8617.35
2016/3/28,8713.72,8737.86,8676.03,8690.45
2016/3/25,8758.14,8765.62,8699.89,8704.97
2016/3/24,8745.42,8765.96,8676.87,8743.38
2016/3/23,8777.88,8814.5,8734.55,8766.09
2016/3/22,8806.02,8814.37,8713.24,8785.68
2016/3/21,8826.16,8840.75,8747.59,8812.7
2016/3/18,8747.05,8810.71,8747.05,8810.71
2016/3/17,8763.51,8826.84,8716.88,8734.54
2016/3/16,8637.63,8699.14,8637.63,8699.14
2016/3/15,8745.57,8759.94,8589.41,8611.18
2016/3/14,8746.48,8777.05,8739.57,8747.9
2016/3/11,8663.29,8707.97,8640.96,8706.14
2016/3/10,8633.66,8680.43,8614.97,8660.7
2016/3/9,8649.1,8657.17,8588.41,8634.11
2016/3/8,8655.86,8668.51,8575.7,8664.31
2016/3/7,8656.74,8727.88,8632.21,8659.55
2016/3/4,8611.37,8648.94,8584.06,8643.55
2016/3/3,8569.05,8630.77,8561.74,8611.79
2016/3/2,8544.66,8586.25,8540.17,8544.05
2016/3/1,8381.38,8489.01,8378.06,8485.69
2016/2/26,8380.53,8432.74,8347.8,8411.16
2016/2/25,8304.18,8388.63,8304.18,8365.86
2016/2/24,8332.66,8382.25,8264.39,8282.86
2016/2/23,8333.59,8361.79,8311.94,8334.64
2016/2/22,8315.79,8396.62,8296.18,8326.68
2016/2/19,8291.83,8325.04,8280.39,8325.04
2016/2/18,8261.74,8337.97,8261.74,8314.67
2016/2/17,8240.73,8253.8,8196.13,8214.25
2016/2/16,8090.91,8227.19,8090.91,8212.07
2016/2/15,7976.65,8074.8,7953.99,8066.51
2016/2/3,8117.22,8117.22,8036.6,8063
2016/2/2,8141.52,8156.25,8091.14,8131.24
2016/2/1,8164.24,8166.8,8110.87,8156.96
2016/1/29,7880.78,8080.6,7876.82,8080.6
2016/1/28,7825.22,7921.06,7821.12,7905.1
2016/1/27,7863.66,7888.63,7830.33,7849.83
2016/1/26,7832.1,7848.63,7799.58,7828.67
2016/1/25,7813.73,7899.66,7813.73,7894.15
2016/1/22,7729.01,7774.12,7706.14,7756.18
2016/1/21,7713.17,7748.37,7664.01,7664.01
2016/1/20,7835.17,7835.17,7687.6,7699.12
2016/1/19,7816.45,7854.88,7786.77,7854.88
2016/1/18,7678.67,7834.25,7627.89,7811.18
2016/1/15,7809,7842.34,7708.66,7762.01
2016/1/14,7752.09,7752.09,7662.34,7742.88
2016/1/13,7799.56,7865.98,7786.33,7824.61
2016/1/12,7807.93,7851.81,7732.11,7768.45
2016/1/11,7855.8,7855.8,7726.22,7788.42
2016/1/8,7811.2,7906.55,7788.71,7893.97
2016/1/7,7963.24,7980.5,7770.16,7852.06
2016/1/6,8064.25,8076.54,7948.43,7990.39
2016/1/5,8105,8142.64,8055.96,8075.11
2016/1/4,8315.79,8326.33,8109.09,8114.26
2015/12/31,8273.77,8338.06,8258.73,8338.06
2015/12/30,8313.37,8342.34,8262.52,8279.99
2015/12/29,8349.27,8351.16,8286.84,8293.91
2015/12/28,8374.18,8394.6,8358.49,8358.49
2015/12/25,8328.94,8364.3,8320.1,8363.28
2015/12/24,8351.2,8393.41,8324.36,8324.36
2015/12/23,8296.58,8359.25,8296.58,8315.7
2015/12/22,8283.03,8316.44,8261.72,8292.74
2015/12/21,8228.05,8289.59,8191.53,8282.17
2015/12/18,8272.41,8317.48,8241.32,8257.32
2015/12/17,8214.62,8319.67,8214.62,8319.67
2015/12/16,8144.03,8204.2,8121.06,8184.66
2015/12/15,8074.48,8140.06,8073.35,8073.35
2015/12/14,8058.67,8068.98,7980.59,8040.16
2015/12/11,8217.33,8253.11,8108.68,8115.89
2015/12/10,8214.27,8228.43,8133.42,8216.17
2015/12/9,8329.86,8343.37,8229.62,8229.62
2015/12/8,8442.06,8453.63,8335.67,8343.86
2015/12/7,8432.47,8535.36,8432.47,8454.27
2015/12/4,8423.7,8423.7,8355.75,8398.6
2015/12/3,8424.54,8484.52,8393.29,8456.06
2015/12/2,8475.96,8497.19,8441.28,8457.4
2015/12/1,8359.27,8463.3,8339.5,8463.3
2015/11/30,8339.83,8339.83,8239,8320.61
2015/11/27,8493.18,8505.08,8397.49,8398.4
2015/11/26,8411.16,8510.7,8411.16,8484.9
2015/11/25,8407.54,8426.62,8352.17,8386.13
2015/11/24,8472.24,8497.83,8397.44,8400.14
2015/11/23,8480.59,8503.08,8450.01,8485.73
2015/11/20,8472.65,8484.06,8434.33,8465.45
2015/11/19,8382.09,8477.2,8357.2,8477.2
2015/11/18,8432.25,8455.14,8326.72,8340.47
2015/11/17,8369.14,8471.89,8369.14,8419.42
2015/11/16,8278.12,8312.06,8217.34,8295.4
2015/11/13,8402.11,8453.04,8329.5,8329.5
2015/11/12,8426.76,8467.31,8374.07,8428.09
2015/11/11,8543.63,8557.69,8415.01,8415.01
2015/11/10,8614.55,8614.55,8529.54,8536.9
2015/11/9,8702.67,8746.28,8623.7,8642.48
2015/11/6,8857.61,8857.61,8671.89,8693.57
2015/11/5,8858.73,8871.87,8828.04,8850.18
2015/11/4,8759.94,8864.17,8754.18,8857.02
2015/11/3,8643.21,8728.06,8643.21,8713.19
2015/11/2,8571.53,8614.77,8524.01,8614.77
2015/10/30,8578.25,8586.9,8503.69,8554.31
2015/10/29,8682.58,8704.59,8568.13,8571.08
2015/10/28,8679.24,8714.01,8632.38,8665.99
2015/10/27,8724,8733.53,8662.77,8701.32
2015/10/26,8706.81,8757.14,8706.81,8745.36
2015/10/23,8671.52,8740.08,8662.03,8673.81
2015/10/22,8600.4,8631.17,8594.21,8608.46
2015/10/21,8668.08,8690.39,8591.42,8609.23
2015/10/20,8651.08,8663.12,8618.48,8653.6
2015/10/19,8628.79,8670.32,8603.08,8631.5
2015/10/16,8596.43,8627.83,8574.64,8604.95
2015/10/15,8573.38,8652.47,8573.38,8601.52
2015/10/14,8545.14,8553.87,8515.53,8522.51
2015/10/13,8571.57,8574.11,8518.41,8567.92
2015/10/12,8478.34,8578.22,8478.34,8573.72
2015/10/8,8528.46,8544.93,8434.5,8445.96
2015/10/7,8398.53,8495.23,8385.04,8495.23
2015/10/6,8409.31,8482.83,8390.89,8394.1
2015/10/5,8342.99,8364.59,8316.83,8352.36
2015/10/2,8290.43,8320.66,8253.75,8305.03
2015/10/1,8194.3,8317.79,8170.78,8295.94
2015/9/30,8097.15,8181.24,8059.68,8181.24
2015/9/25,8131.49,8152.5,8061.87,8132.35
2015/9/24,8224.23,8257.14,8101.9,8123.1
2015/9/23,8310.82,8310.82,8186.22,8193.42
2015/9/22,8331.44,8365.92,8325.78,8365.92
2015/9/21,8404.5,8404.5,8285.43,8307.04
2015/9/18,8427.52,8488.53,8399.71,8462.14
2015/9/17,8377.31,8467.15,8377.31,8445.5
2015/9/16,8298.13,8342.36,8276.94,8333.29
2015/9/15,8320.22,8327.95,8226.07,8259.99
2015/9/14,8332.57,8360.03,8259.31,8307.29
2015/9/11,8271.25,8313.18,8233.14,8305.82
2015/9/10,8247.64,8274.82,8214.5,8268.68
2015/9/9,8097.22,8296.13,8097.22,8286.92
2015/9/8,7993.1,8031.26,7978.78,8001.5
2015/9/7,7990.76,8053.2,7957.8,7986.56
2015/9/4,8087.62,8128.23,7990.86,8000.6
2015/9/3,8071.37,8101.13,8007.48,8095.95
2015/9/2,7970.4,8068.06,7907.31,8035.29
2015/9/1,8117.5,8119.9,8002.18,8017.56
2015/8/31,8026.62,8174.92,7961.77,8174.92
2015/8/28,7923.77,8039.76,7923.77,8019.18
2015/8/27,7762.63,7856.4,7762.63,7824.55
2015/8/26,7636.12,7762.45,7547.61,7715.59
2015/8/25,7427.36,7677.93,7368.47,7675.64
2015/8/24,7719.63,7719.63,7203.07,7410.34
2015/8/21,7941.95,7941.95,7786.92,7786.92
2015/8/20,8008.68,8063.8,7951.72,8029.81
2015/8/19,8182.81,8182.81,7987.57,8021.84
2015/8/18,8237.08,8277.22,8166.77,8177.22
2015/8/17,8307.9,8308.54,8213.42,8213.42
2015/8/14,8315.14,8343.98,8283.35,8305.64
2015/8/13,8284.96,8348.39,8271.69,8311.74
2015/8/12,8365.15,8376.59,8235.95,8283.38
2015/8/11,8542.13,8586.22,8393.08,8394.14
2015/8/10,8410.63,8484.18,8374.08,8466.84
2015/8/7,8409.01,8458.04,8368.4,8442.29
2015/8/6,8564.55,8586.24,8404.67,8449.56
2015/8/5,8504.94,8563.01,8486.27,8542.27
2015/8/4,8538.44,8590.3,8433.92,8510.86
2015/8/3,8636.53,8636.53,8482.92,8524.41
2015/7/31,8670.92,8676.29,8591.37,8665.34
2015/7/30,8567.23,8697.18,8567.23,8651.49
2015/7/29,8587.7,8619.41,8516.23,8563.48
2015/7/28,8566.42,8635.88,8532,8582.49
2015/7/27,8733.24,8733.24,8553.09,8556.68
2015/7/24,8809.65,8811.76,8733.43,8767.86
2015/7/23,8865.36,8895.88,8751.71,8791.12
2015/7/22,8955.59,8968.39,8896.1,8918.7
2015/7/21,8997.56,9010.71,8940.38,9005.96
2015/7/20,9085,9124.88,8952.64,8975
2015/7/17,9060.92,9079.23,9018,9045.98
2015/7/16,9062.76,9085.31,9021.82,9042.21
2015/7/15,9063.54,9089.47,9005.1,9054.2
2015/7/14,9061.58,9124.76,9041.76,9041.76
2015/7/13,8946.72,9041.88,8946.72,9033.92
2015/7/9,8861.28,8946.24,8750.92,8914.13
2015/7/8,9225.91,9225.91,8946.75,8976.11
2015/7/7,9278.33,9332.97,9244.46,9250.16
2015/7/6,9309.86,9347.54,9255.96,9255.96
2015/7/3,9369.5,9369.5,9265.14,9358.23
2015/7/2,9372.46,9400.68,9350.05,9379.24
2015/7/1,9311.76,9404.76,9298.36,9375.23
2015/6/30,9223.27,9323.02,9204.45,9323.02
2015/6/29,9358.96,9358.96,9227.11,9236.1
2015/6/26,9481.95,9489.91,9442.94,9462.57
2015/6/25,9415.78,9500.57,9415.78,9476.34
2015/6/24,9390.27,9409.44,9364.38,9397.31
2015/6/23,9375.78,9438.39,9375.78,9391.14
2015/6/22,9247.76,9371.48,9247.76,9341.77
2015/6/18,9189.44,9243.84,9187.87,9218.37
2015/6/17,9232.81,9242.22,9170.09,9189.83
2015/6/16,9272.7,9272.7,9177.95,9212.78
2015/6/15,9304.66,9324.94,9252.34,9259.48
2015/6/12,9304.75,9339.33,9263.41,9301.93
2015/6/11,9330.99,9358.48,9251.18,9302.49
2015/6/10,9246.66,9334.5,9246.66,9298.5
2015/6/9,9346.11,9363.52,9191.87,9191.87
2015/6/8,9324.22,9419.22,9258.98,9368.43
2015/6/5,9328.02,9371.41,9272.94,9340.13
2015/6/4,9537.09,9558.77,9325.01,9348.63
2015/6/3,9617.75,9645.48,9550.44,9556.52
2015/6/2,9619.88,9657.02,9584.56,9614.26
2015/6/1,9688.13,9692.34,9589.09,9625.69
2015/5/29,9727.59,9747.27,9693,9701.07
2015/5/28,9741.57,9766.21,9704.93,9712.84
2015/5/27,9666.89,9710.29,9648.71,9693.54
2015/5/26,9688.31,9724.36,9649.62,9669.41
2015/5/25,9654.28,9654.28,9589.32,9645.17
2015/5/22,9606.51,9674.77,9606.51,9638.8
2015/5/21,9647.53,9647.53,9536.16,9578.56
2015/5/20,9726.02,9736.09,9662.86,9685.31
2015/5/19,9623.95,9722.8,9623.95,9716.77
2015/5/18,9603.75,9612.44,9550.76,9606.1
2015/5/15,9638.06,9644.83,9552.86,9579.48
2015/5/14,9730.33,9734.55,9600.24,9610.83
2015/5/13,9697.17,9743.33,9687.66,9724.11
2015/5/12,9637.71,9702.67,9637.21,9680.73
2015/5/11,9763.94,9797.19,9635.88,9663.72
2015/5/8,9724.29,9760.51,9692,9692
2015/5/7,9789.82,9789.82,9704.11,9704.11
2015/5/6,9780.39,9829.43,9735.94,9818.2
2015/5/5,9849.13,9855.64,9788.13,9820.13
2015/5/4,9853.51,9871.65,9800.48,9845.04
2015/4/30,9841.15,9894.9,9820.05,9820.05
2015/4/29,9934.82,9978.87,9842.5,9853.83
2015/4/28,9998.08,10014.28,9918.01,9956.83
2015/4/27,9941.18,10002.58,9937.04,9973.12
2015/4/24,9839.71,9961.31,9839.71,9913.28
2015/4/23,9655.3,9814.88,9655.3,9797.49
2015/4/22,9549.61,9630.79,9549.61,9613
2015/4/21,9554.8,9598.86,9512.64,9533.98
2015/4/20,9541.83,9572.65,9508.57,9552.85
2015/4/17,9608.6,9615.52,9570.93,9570.93
2015/4/16,9578.71,9656.87,9578.71,9656.87
2015/4/15,9629.7,9654.15,9508.14,9540.06
2015/4/14,9646.28,9664.1,9631.19,9642.22
2015/4/13,9622.64,9666.52,9622.59,9666.52
2015/4/10,9626.88,9648.34,9582.84,9617.7
2015/4/9,9597.21,9663.05,9559.71,9568.04
2015/4/8,9646.07,9654.67,9562,9571.97
2015/4/7,9619.97,9653.97,9613.33,9641.9
2015/4/2,9535.98,9628.95,9535.98,9600.32
2015/4/1,9575.11,9575.11,9503.53,9507.66
2015/3/31,9568.38,9594.75,9527.87,9586.44
2015/3/30,9533.38,9556.25,9503.53,9521.87
2015/3/27,9593.07,9608.44,9503.72,9503.72
2015/3/26,9579.63,9619.12,9540.03,9619.12
2015/3/25,9739.25,9743.58,9653.47,9667.83
2015/3/24,9759.96,9768.71,9701.33,9731.66
2015/3/23,9759.88,9775.63,9729.81,9758.09
2015/3/20,9706.35,9749.69,9705.32,9749.69
2015/3/19,9668.01,9745.59,9668.01,9736.73
2015/3/18,9563.74,9653.43,9561.5,9653.43
2015/3/17,9555.1,9629.8,9539.44,9539.44
2015/3/16,9583.45,9590.76,9512.91,9512.91
2015/3/13,9608.44,9633.51,9579.35,9579.35
2015/3/12,9537.23,9608.02,9530.74,9596
2015/3/11,9503.28,9561.81,9472.54,9523.18
2015/3/10,9566.25,9583.78,9520.33,9536.53
2015/3/9,9617.04,9617.04,9549.76,9562.98
2015/3/6,9587.59,9645.77,9574.55,9645.77
2015/3/5,9627.04,9631.04,9564.44,9595.09
2015/3/4,9596.24,9635.18,9580.78,9621.73
2015/3/3,9628.06,9642.95,9571.64,9605.77
2015/3/2,9665.11,9690.43,9588.36,9601.36
2015/2/26,9687.48,9688.07,9610.59,9622.1
2015/2/25,9655.72,9699.54,9653.77,9699.54
2015/2/24,9582.39,9638.48,9582.39,9629.37
2015/2/13,9500.04,9542.09,9499.97,9529.51
2015/2/12,9496.39,9500.35,9447.19,9496.31
2015/2/11,9430.17,9488.72,9430.17,9462.22
2015/2/10,9405.59,9435.07,9390.13,9393.7
2015/2/9,9465.12,9465.12,9413.18,9421.5
2015/2/6,9521.88,9521.88,9448.65,9456.18
2015/2/5,9511.06,9517.42,9472.42,9512.05
2015/2/4,9477.52,9533.88,9477.52,9513.92
2015/2/3,9394.47,9460.17,9394.47,9448.73
2015/2/2,9368.83,9410.43,9352.19,9386.99
2015/1/30,9452.85,9466.65,9361.91,9361.91
2015/1/29,9479.36,9482.13,9403.75,9426.9
2015/1/28,9503.2,9515.29,9471.31,9510.92
2015/1/27,9505.56,9523.73,9471.19,9521.59
2015/1/26,9474.56,9478.53,9436.47,9477.67
2015/1/23,9422,9471.8,9422,9470.94
2015/1/22,9336.81,9386.56,9336.81,9369.51
2015/1/21,9283.79,9319.71,9275.68,9319.71
2015/1/20,9188.76,9259.31,9177.48,9251.69
2015/1/19,9183.76,9247.09,9151.82,9174.06
2015/1/16,9245.77,9256.86,9109.46,9138.29
2015/1/15,9197.32,9219.43,9149.1,9165.09
2015/1/14,9235.9,9242.2,9161.71,9180.23
2015/1/13,9162.77,9253.82,9161.71,9231.8
2015/1/12,9198.02,9229.65,9178.3,9178.3
2015/1/9,9247.4,9284.57,9215.58,9215.58
2015/1/8,9154.03,9246.62,9154.03,9238.03
2015/1/7,9051.94,9108.66,9050.54,9080.09
2015/1/6,9209.93,9209.93,9043.44,9048.34
2015/1/5,9292.31,9292.31,9182.02,9274.11
2014/12/31,9260.46,9307.26,9252.31,9307.26
2014/12/30,9299.1,9338.06,9262.7,9268.43
2014/12/29,9216.43,9313.33,9216.43,9286.28
2014/12/26,9171.91,9214.07,9158.39,9214.07
2014/12/25,9186.83,9198.04,9153.77,9158.7
2014/12/24,9096.48,9186.18,9096.48,9186.18
2014/12/23,9123.78,9138.15,9093.43,9097.71
2014/12/22,9032.42,9099.85,9024.01,9095
2014/12/19,8981.85,9035.77,8953.17,8999.52
2014/12/18,8912.78,8946.42,8876.88,8878.63
2014/12/17,8961.64,8972.12,8826.03,8828.36
2014/12/16,8967.82,9031.07,8950.91,8950.91
2014/12/15,8987.95,8997.08,8943.04,8985.63
2014/12/12,9041.54,9084.27,9022.56,9027.33
2014/12/11,9003.84,9046.4,8971.53,9013.07
2014/12/10,9115.33,9140.49,9015.52,9032.16
2014/12/9,9163.43,9177.14,9127.12,9128.9
2014/12/8,9231.24,9241.63,9174.51,9187.29
2014/12/5,9220.25,9240.51,9192.29,9206.57
2014/12/4,9212.85,9251.85,9195.15,9225.11
2014/12/3,9073.47,9188.32,9045.2,9175.26
2014/12/2,9098.36,9104.84,9009.69,9034.79
2014/12/1,9038.41,9164.54,8998.55,9117.71
2014/11/28,9163.19,9201.8,9158.28,9187.15
2014/11/27,9153.49,9217.73,9153.49,9165.31
2014/11/26,9125.08,9146.04,9112.19,9122.39
2014/11/25,9125.27,9153.55,9098.32,9116.24
2014/11/24,9144.42,9165.71,9104.54,9122.33
2014/11/21,9104.34,9111.18,9071.86,9091.53
2014/11/20,8984.93,9078.87,8984.93,9078.87
2014/11/19,8896.16,8988.64,8879.29,8963.24
2014/11/18,8916.08,8944.26,8828.15,8859.07
2014/11/17,9003.37,9024,8878.38,8884.39
2014/11/14,8992.4,8996.38,8950.23,8982.88
2014/11/13,8947.97,8980.67,8927.09,8980.67
2014/11/12,9030.13,9030.13,8894.11,8918.95
2014/11/11,9067.54,9069.44,9021.54,9034.14
2014/11/10,8937.59,9062.89,8937.59,9049.98
2014/11/7,8881.19,8925.62,8867.78,8912.62
2014/11/6,8968.79,8979.97,8887.36,8891.02
2014/11/5,8997.76,9013.06,8941.18,8962.6
2014/11/4,9030.96,9046.22,8980.96,8989.18
2014/11/3,9009.38,9029.71,8965.5,9004.86
2014/10/31,8909.34,8974.76,8885.21,8974.76
2014/10/30,8890.19,8892.99,8842.8,8888.07
2014/10/29,8821.85,8903.68,8821.85,8903.68
2014/10/28,8692.52,8788.28,8692.52,8773.55
2014/10/27,8671.51,8689.67,8607.23,8627.78
2014/10/24,8740.28,8750.42,8629.24,8646.01
2014/10/23,8735.38,8751.67,8714.88,8731.07
2014/10/22,8744.91,8775.35,8729.77,8748.83
2014/10/21,8676.32,8676.32,8636.67,8654.64
2014/10/20,8617.08,8679.85,8611.17,8663.14
2014/10/17,8688.71,8699.77,8512.88,8512.88
2014/10/16,8602.65,8676.46,8501.29,8633.69
2014/10/15,8769.39,8776.91,8635.41,8655.51
2014/10/14,8691.83,8768.39,8684.19,8768.39
2014/10/13,8767.42,8795.77,8711.39,8711.39
2014/10/9,9021.31,9054.67,8946.16,8966.44
2014/10/8,8989.99,9038.61,8955.18,8955.18
2014/10/7,9065.67,9074.8,8993.45,9040.81
2014/10/6,9118.28,9122.54,9065.34,9095.14
2014/10/3,9010.3,9113.8,8998.27,9106.28
2014/10/2,8959.37,9010.27,8913.01,8975.19
2014/10/1,8958.87,9014.26,8918.96,8990.26
2014/9/30,8954.58,8998.83,8860.17,8966.92
2014/9/29,9018.46,9018.46,8948.09,8960.76
2014/9/26,8957.56,9001.98,8913.51,8989.82
2014/9/25,9126.76,9149.41,8982.51,9011.59
2014/9/24,9071.8,9123.11,9071.8,9098.49
2014/9/23,9134.29,9147.21,9084.9,9084.9
2014/9/22,9220.54,9220.54,9106.27,9134.65
2014/9/19,9268.44,9289.22,9235.44,9240.45
2014/9/18,9211.8,9237.88,9201.91,9237.03
2014/9/17,9171.04,9252.38,9159.85,9195.17
2014/9/16,9218.85,9219.42,9133.4,9133.4
2014/9/15,9206.41,9242.23,9175.61,9217.46
2014/9/12,9324.74,9333.28,9223.18,9223.18
2014/9/11,9376.38,9381.05,9322.95,9322.95
2014/9/10,9410.62,9410.62,9309.05,9357.61
2014/9/9,9452.14,9465.93,9426.99,9434.77
2014/9/5,9446.45,9451.39,9365.7,9407.94
2014/9/4,9439.76,9439.76,9389.29,9428.89
2014/9/3,9434.88,9455.78,9396.79,9450.35
2014/9/2,9503.65,9503.65,9388.13,9399.72
2014/9/1,9474.41,9532.66,9472.96,9513.06
2014/8/29,9459.81,9470.15,9425.35,9436.27
2014/8/28,9499.22,9502.42,9453.49,9478.37
2014/8/27,9426.29,9491.75,9426.29,9485.59
2014/8/26,9394.28,9418.77,9386.49,9393.96
2014/8/25,9393.24,9409.35,9369.24,9390.62
2014/8/22,9273.07,9380.6,9271.87,9380.1
2014/8/21,9286.82,9289.02,9217.97,9253.38
2014/8/20,9278.15,9294.49,9249.31,9288.05
2014/8/19,9188.63,9255.09,9188.63,9243.78
2014/8/18,9222.73,9222.73,9128.66,9141.31
2014/8/15,9243.67,9243.67,9172.91,9206.81
2014/8/14,9276.41,9282.01,9218.55,9230.61
2014/8/13,9155.02,9231.66,9147.14,9231.31
2014/8/12,9188.85,9198.1,9146.98,9163.12
2014/8/11,9109.83,9184.96,9107.21,9172.91
2014/8/8,9120.2,9120.2,9014.89,9085.96
2014/8/7,9162.65,9172.88,9108.85,9131.44
2014/8/6,9148.36,9163.81,9070.09,9143.97
2014/8/5,9316.82,9316.82,9141.44,9141.44
2014/8/4,9280.29,9330.19,9258.18,9330.19
2014/8/1,9223.75,9274.64,9201.83,9266.51
2014/7/31,9436.04,9438.97,9313.87,9315.85
2014/7/30,9409.62,9456.03,9398.82,9447.02
2014/7/29,9457.8,9483.75,9357.32,9391.88
2014/7/28,9415.9,9460.43,9385.56,9420.18
2014/7/25,9519.99,9528.7,9412.48,9439.29
2014/7/24,9508.26,9538.07,9483.52,9527.54
2014/7/22,9453.23,9499.36,9418.74,9499.36
2014/7/21,9453.78,9480.14,9426.3,9440.97
2014/7/18,9335.38,9421.34,9335.38,9400.97
2014/7/17,9420.11,9461.86,9373.87,9408.24
2014/7/16,9570.33,9574.13,9471.65,9484.73
2014/7/15,9558.42,9593.68,9547.94,9569.17
2014/7/14,9497.81,9545.99,9488.12,9520.3
2014/7/11,9561.71,9591.27,9478.07,9495.84
2014/7/10,9512.89,9568.75,9512.89,9565.12
2014/7/9,9510,9522.99,9478.76,9489.98
2014/7/8,9515.18,9540.57,9499.17,9530.98
2014/7/7,9497.27,9520.2,9454.67,9520.2
2014/7/4,9525.93,9550.11,9482.94,9510.05
2014/7/3,9468.78,9538.65,9449.78,9526.23
2014/7/2,9482,9547.05,9421.87,9484.96
2014/7/1,9393.07,9463.06,9374.28,9441.92
2014/6/30,9332.44,9393.07,9327.89,9393.07
2014/6/27,9316.89,9330.95,9303.57,9306.83
2014/6/26,9273.36,9320.94,9271.35,9320.94
2014/6/25,9250.13,9255.87,9229.8,9242.16
2014/6/24,9232.35,9276.24,9232.35,9246.2
2014/6/23,9293.06,9302.65,9225.73,9228.35
2014/6/20,9330.35,9339.83,9273.79,9273.79
2014/6/19,9288.69,9324.4,9283.38,9316.81
2014/6/18,9257.65,9316.64,9204.35,9279.93
2014/6/17,9223.02,9249.87,9200.86,9240.6
2014/6/16,9196.23,9214.19,9179.56,9202.93
2014/6/13,9192.73,9207.74,9171.51,9196.39
2014/6/12,9209.99,9220.89,9186.79,9204.65
2014/6/11,9218.5,9229.8,9204.76,9229.8
2014/6/10,9181.9,9222.37,9171.75,9222.37
2014/6/9,9153.93,9166.58,9138.93,9162.74
2014/6/6,9167.83,9174.77,9122.56,9134.46
2014/6/5,9127.56,9140.72,9094.13,9140.72
2014/6/4,9135.01,9140.55,9114.18,9119.96
2014/6/3,9106.61,9128.34,9070.45,9123.46
2014/5/30,9130.66,9139.57,9075.91,9075.91
2014/5/29,9123.46,9131.66,9093.57,9109
2014/5/28,9072.04,9125.14,9069.89,9121.71
2014/5/27,9045.08,9059.19,9035.69,9055.29
2014/5/26,9040.49,9053.75,9026.77,9036.12
2014/5/23,8960.79,9008.22,8960.79,9008.22
2014/5/22,8899.82,8969.63,8899.82,8969.63
2014/5/21,8894.16,8905.04,8848.53,8862.42
2014/5/20,8922.08,8930.79,8887.79,8887.79
2014/5/19,8901.54,8912.19,8877.46,8899.9
2014/5/16,8857.12,8896.72,8816.92,8888.45
2014/5/15,8852.92,8880.65,8839.44,8880.65
2014/5/14,8842.05,8875.16,8812.19,8875.16
2014/5/13,8865.61,8886.66,8809.06,8817.94
2014/5/12,8893.72,8898.31,8803.43,8808.61
2014/5/9,8943.14,8945.63,8878.32,8889.69
2014/5/8,8925.21,8941.46,8891.74,8930.9
2014/5/7,8903.72,8911.03,8856.98,8893.22
2014/5/6,8888.45,8927.39,8853.72,8912.39
2014/5/5,8895.87,8911.08,8844.45,8870.43
2014/5/2,8846.86,8875.9,8839.92,8867.32
2014/4/30,8885.7,8890.09,8791.44,8791.44
2014/4/29,8845.6,8884.48,8833.37,8872.11
2014/4/28,8680.14,8825.93,8671.65,8809.71
2014/4/25,8945.81,8951.06,8749.51,8774.12
2014/4/24,8968.82,8971.94,8926.55,8945.45
2014/4/23,9009.59,9022.28,8947.86,8956.92
2014/4/22,8956.22,8989.06,8955.19,8974.71
2014/4/21,8961.52,8965.58,8938.47,8951.19
2014/4/18,8994.77,9002.7,8945.56,8966.66
2014/4/17,8942.23,8962.66,8921.56,8944.16
2014/4/16,8921.07,8968.56,8894.29,8923.82
2014/4/15,8898.65,8918.94,8889.44,8916.71
2014/4/14,8897.23,8899.51,8852.66,8857.42
2014/4/11,8900.13,8909.97,8848.24,8908.05
2014/4/10,8964.34,8978.52,8898.3,8948.1
2014/4/9,8912.39,8936.57,8912.39,8930.57
2014/4/8,8878.88,8899.12,8860.7,8888.25
2014/4/7,8844.91,8876.44,8828.59,8876.44
2014/4/3,8902.94,8913.74,8871.16,8888.54
2014/4/2,8906.52,8922.79,8883.14,8905.45
2014/4/1,8847.34,8873.15,8826.16,8873.15
2014/3/31,8802.93,8849.28,8769.97,8849.28
2014/3/28,8779.91,8812.41,8751.07,8774.64
2014/3/27,8737.56,8780.42,8723.82,8779.57
2014/3/26,8741.03,8746.71,8717.79,8737.27
2014/3/25,8589.19,8689.3,8589.19,8689.3
2014/3/24,8540.27,8605.38,8508.01,8605.38
2014/3/21,8642.82,8642.82,8562.57,8577.17
2014/3/20,8638.59,8638.59,8580.4,8597.33
2014/3/19,8745.02,8749.8,8682.75,8689.46
2014/3/18,8747.38,8759.55,8713.51,8731.94
2014/3/17,8697.26,8708.4,8662.49,8700.1
2014/3/14,8697.73,8709.56,8677.81,8687.63
2014/3/13,8737.81,8768.66,8732.15,8747.79
2014/3/12,8671.4,8684.73,8651.99,8684.73
2014/3/11,8694.96,8716.31,8684.63,8702.33
2014/3/10,8706.43,8712.88,8651.54,8665.24
2014/3/7,8754.74,8787.62,8698.6,8713.96
2014/3/6,8660.29,8719.17,8660.29,8713.79
2014/3/5,8622.19,8652.22,8622.19,8632.93
2014/3/4,8583.58,8595.59,8554.54,8554.54
2014/3/3,8627.15,8628.05,8545.24,8601.98
2014/2/27,8626.51,8647.9,8615.41,8639.58
2014/2/26,8569.04,8626.68,8563.87,8600.86
2014/2/25,8581.14,8598.73,8564.51,8575.62
2014/2/24,8603.61,8612.21,8541.65,8560.61
2014/2/21,8571.29,8612.08,8571.29,8601.86
2014/2/20,8555.27,8567.5,8513.08,8524.62
2014/2/19,8565.06,8577.01,8543.15,8577.01
2014/2/18,8530.81,8556.23,8506.06,8556.23
2014/2/17,8537.83,8558.5,8512.6,8519.55
2014/2/14,8524.54,8566.99,8508.24,8513.68
2014/2/13,8506.22,8511.02,8467.7,8467.7
2014/2/12,8471.51,8510.87,8471.51,8510.87
2014/2/11,8413.86,8439.33,8401.54,8430.56
2014/2/10,8416.42,8447.02,8391.95,8391.95
2014/2/7,8383.99,8409.03,8356.93,8387.35
2014/2/6,8286.16,8333.56,8284.77,8311.01
2014/2/5,8290.17,8313.83,8230.46,8264.48
2014/1/27,8519.48,8519.48,8442.19,8462.57
2014/1/24,8581.49,8608.64,8577.14,8598.31
2014/1/23,8644.56,8647.87,8595.1,8595.1
2014/1/22,8598.98,8633.57,8596.99,8625.3
2014/1/21,8639.71,8650.14,8599.9,8599.9
2014/1/20,8595.59,8636.21,8584.5,8621.56
2014/1/17,8628.49,8628.86,8580.49,8596
2014/1/16,8653.54,8668.95,8610.24,8612.11
2014/1/15,8567.81,8619.56,8567.81,8602.55
2014/1/14,8545.46,8568.31,8523.46,8548.14
2014/1/13,8587.49,8607.23,8558.96,8566.2
2014/1/10,8559.18,8559.18,8521.5,8529.35
2014/1/9,8555.8,8569.11,8506.02,8514.68
2014/1/8,8548.61,8587.08,8548.61,8556.01
2014/1/7,8515.36,8547.19,8512.3,8512.3
2014/1/6,8553,8568.24,8488.64,8500.01
2014/1/3,8584.74,8584.74,8537.86,8546.54
2014/1/2,8618.6,8632.81,8587.54,8612.54
2013/12/31,8636.5,8647.24,8593.75,8611.51
2013/12/30,8552.13,8623.43,8552.13,8623.43
2013/12/27,8490.73,8543.5,8488.44,8535.04
2013/12/26,8467.73,8492.71,8465.85,8485.89
2013/12/25,8461.49,8484.05,8457.87,8467.76
2013/12/24,8473.02,8478.09,8450.49,8450.49
2013/12/23,8441.16,8477.47,8441.16,8456.46
2013/12/20,8400.21,8439.37,8392.38,8408.53
2013/12/19,8400.39,8426.08,8378.78,8407.4
2013/12/18,8361.75,8375.52,8333.31,8349.04
2013/12/17,8351.98,8384.26,8351.98,8352.93
2013/12/16,8368.83,8374.21,8313.87,8313.87
2013/12/13,8355.01,8391.82,8346.83,8376.94
2013/12/12,8405.62,8406.93,8361.33,8361.33
2013/12/11,8450.96,8501.77,8413.52,8433.77
2013/12/10,8451.81,8459.49,8421.59,8443.39
2013/12/9,8439.76,8477.87,8433.81,8444.62
2013/12/6,8372.61,8410.19,8361.99,8367.72
2013/12/5,8430.53,8437.6,8362.39,8375.54
2013/12/4,8379.44,8435.23,8375.79,8418
2013/12/3,8407.74,8418.23,8390.73,8392.55
2013/12/2,8429.24,8437.13,8391.82,8414.61
2013/11/29,8374.14,8414.79,8365.32,8406.83
2013/11/28,8320.65,8377.81,8320.65,8362.43
2013/11/27,8287.63,8312.32,8279.51,8295.88
2013/11/26,8200.7,8281.38,8187.28,8248.02
2013/11/25,8182.9,8217.62,8182.9,8187.51
2013/11/22,8107.98,8142.72,8107.98,8116.78
2013/11/21,8197.86,8203.45,8093.82,8099.45
2013/11/20,8250.31,8262.91,8204.46,8204.46
2013/11/19,8215,8260.82,8215,8260.21
2013/11/18,8201.85,8226.61,8186.47,8191.46
2013/11/15,8168.9,8210.1,8160.28,8177.12
2013/11/14,8137.82,8161.7,8100.73,8134.91
2013/11/13,8199.26,8199.26,8104.26,8104.26
2013/11/12,8233.62,8233.62,8160.17,8195.26
2013/11/11,8228.9,8242.41,8168.92,8182.56
2013/11/8,8235.3,8266.72,8216.33,8229.59
2013/11/7,8298.06,8298.06,8250.72,8283.71
2013/11/6,8275.07,8297.57,8232.5,8281.97
2013/11/5,8354.92,8372.8,8262.2,8262.2
2013/11/4,8371.83,8371.83,8333.63,8354.14
2013/11/1,8474.47,8476.63,8378.94,8388.18
2013/10/31,8437.76,8469.58,8424.47,8450.06
2013/10/30,8429.4,8465.06,8419.21,8465.06
2013/10/29,8394.85,8432.9,8380.21,8420.98
2013/10/28,8365.43,8414.81,8348.42,8407.83
2013/10/25,8380.31,8390.25,8322.15,8346.62
2013/10/24,8364.45,8413.72,8346.52,8413.72
2013/10/23,8419.8,8438.95,8380.15,8393.62
2013/10/22,8407.62,8425.31,8376.27,8418.27
2013/10/21,8456.68,8459.3,8400.06,8419.32
2013/10/18,8416.33,8441.19,8390.32,8441.19
2013/10/17,8390.88,8415.16,8364.89,8374.68
2013/10/16,8384.03,8384.03,8332.18,8332.18
2013/10/15,8320.48,8368.02,8320.48,8367.88
2013/10/14,8339.99,8343.65,8269.16,8273.96
2013/10/11,8407.45,8433.53,8349.37,8349.37
2013/10/9,8352.25,8378.37,8330.79,8344.73
2013/10/8,8340.33,8375.65,8311.59,8375.65
2013/10/7,8354.91,8361.5,8323.79,8333.66
2013/10/4,8345.82,8376.06,8336.61,8364.55
2013/10/3,8231.68,8376.79,8231.68,8359.02
2013/10/2,8215.96,8228.81,8204.34,8216.52
2013/10/1,8173.99,8222.38,8172.79,8187.02
2013/9/30,8174.86,8204.4,8137.11,8173.87
2013/9/27,8222.13,8244.86,8207.72,8230.68
2013/9/26,8290.1,8290.1,8184.68,8184.68
2013/9/25,8283.6,8285.28,8253.43,8283.9
2013/9/24,8295.5,8310.94,8265.55,8299.12
2013/9/23,8226.8,8293.03,8221.34,8292.83
2013/9/18,8248.18,8263.05,8209.18,8209.18
2013/9/17,8241.03,8249.78,8218.94,8249.78
2013/9/16,8189.61,8255.34,8189.61,8255.34
2013/9/13,8210.15,8228.67,8162.14,8168.2
2013/9/12,8180.38,8226.61,8177.03,8225.36
2013/9/11,8174.54,8208.99,8137.07,8208.99
2013/9/10,8217.21,8238.91,8155.87,8208.77
2013/9/9,8176.47,8192.11,8117.87,8192.11
2013/9/6,8180.53,8182.56,8155.5,8164.2
2013/9/5,8109.24,8169.1,8107.22,8169.1
2013/9/4,8066.67,8094.12,8041.49,8083.44
2013/9/3,8095.66,8102.66,8067.62,8088.37
2013/9/2,8010.15,8052.71,7993.13,8038.86
2013/8/30,7949.99,8021.89,7936.82,8021.89
2013/8/29,7841.99,7931.05,7841.99,7917.66
2013/8/28,7776.87,7834.11,7761.76,7824.54
2013/8/27,7875.93,7895.23,7820.84,7820.84
2013/8/26,7906.52,7913.74,7874.05,7894.97
2013/8/23,7863.73,7895.13,7845.92,7873.31
2013/8/22,7779.44,7825.56,7737.33,7814.38
2013/8/20,7896.38,7924.52,7829.78,7832.65
2013/8/19,7937.45,7944.74,7888.87,7900.21
2013/8/16,7854.68,7949.43,7850.49,7925
2013/8/15,7903.01,7916.02,7850.27,7887.26
2013/8/14,7978.74,7981.56,7926.23,7951.33
2013/8/13,7935.79,7986.27,7935.79,7986.27
2013/8/12,7878.22,7908.68,7862.04,7903.38
2013/8/9,7955,7955,7853.97,7856.14
2013/8/8,7910.2,7932.35,7894.18,7907.67
2013/8/7,7993.57,7993.57,7921.29,7921.29
2013/8/6,8129.85,8129.85,8028.93,8038.91
2013/8/5,8104.2,8143.44,8075.99,8138.63
2013/8/2,8114.51,8162.91,8087.1,8099.88
2013/8/1,8110.73,8113.4,8056.22,8056.22
2013/7/31,8163.44,8170.57,8107.6,8107.94
2013/7/30,8113.17,8176.74,8112.91,8163.55
2013/7/29,8146.14,8163.89,8074.29,8084.5
2013/7/26,8188.36,8222.82,8135.73,8149.4
2013/7/25,8173.19,8203.49,8140.41,8163.58
2013/7/24,8222.85,8233.1,8172.23,8196.19
2013/7/23,8152.72,8220.89,8145.09,8214.65
2013/7/22,8092.03,8137.37,8092.03,8105.45
2013/7/19,8117.94,8139.81,8046.7,8062.03
2013/7/18,8238.28,8265.7,8181.99,8194.88
2013/7/17,8239.1,8260.25,8208.71,8258.95
2013/7/16,8243.62,8260.11,8222.17,8260.11
2013/7/15,8178.26,8254.68,8175.55,8254.68
2013/7/12,8187.86,8220.49,8169.92,8220.49
2013/7/11,8080.97,8179.54,8080.97,8179.54
2013/7/10,7974.99,8057.92,7974.99,8011.69
2013/7/9,7891.53,7975.64,7891.37,7971.18
2013/7/8,7980.11,7992.16,7885,7886.34
2013/7/5,7932.3,8018.93,7926.35,8001.82
2013/7/4,7919.26,7927.08,7877.06,7893.72
2013/7/3,7991.53,7995.3,7899.08,7911.42
2013/7/2,8061.84,8064.12,8012.79,8015.86
2013/7/1,8011.95,8063.47,7974.15,8036
2013/6/28,7928.54,8062.21,7891.06,8062.21
2013/6/27,7841.32,7884.13,7834.33,7883.9
2013/6/26,7789.34,7821.14,7742.2,7784.8
2013/6/25,7750.34,7792.27,7663.23,7663.23
2013/6/24,7788.45,7815.1,7744.49,7758.03
2013/6/21,7778.84,7815.79,7739.09,7793.31
2013/6/20,7952.36,7962.76,7890.93,7898.91
2013/6/19,8033.32,8056.19,8005.57,8007.39
2013/6/18,7994.81,8024.95,7955.74,8011.02
2013/6/17,7953.65,7999.43,7940.72,7992.89
2013/6/14,7978.75,7989.19,7912.37,7937.74
2013/6/13,8041.5,8057.33,7951.66,7951.66
2013/6/11,8178.95,8178.95,8116.15,8116.15
2013/6/10,8161.51,8190.87,8142.71,8160.55
2013/6/7,8113.95,8146.78,8071.98,8095.2
2013/6/6,8135.56,8162.25,8088.31,8096.14
2013/6/5,8195.52,8216.31,8161.1,8181.91
2013/6/4,8243.22,8250.17,8180.39,8191.22
2013/6/3,8177.97,8225.79,8149.45,8201.02
2013/5/31,8318.77,8334.44,8237.08,8254.8
2013/5/30,8316.97,8316.97,8228.8,8243.29
2013/5/29,8303.2,8344.21,8303.2,8337.9
2013/5/28,8289.15,8303.71,8261.54,8263.05
2013/5/27,8218.88,8280.1,8210.32,8280.1
2013/5/24,8273.21,8277.56,8173.16,8209.78
2013/5/23,8367.85,8373.09,8235.5,8237.83
2013/5/22,8414.06,8439.15,8376.21,8398.84
2013/5/21,8381.36,8420.68,8361.96,8383.05
2013/5/20,8364.95,8385.68,8347.33,8377.05
2013/5/17,8377.26,8402.34,8356.79,8368.19
2013/5/16,8362.49,8414.88,8346.45,8390.05
2013/5/15,8264.1,8320.32,8251.51,8318.59
2013/5/14,8272.2,8295.41,8233.98,8251.82
2013/5/13,8285.45,8296.54,8230.65,8248.32
2013/5/10,8284.38,8297.33,8258.62,8280.26
2013/5/9,8314.37,8322.69,8279.46,8285.89
2013/5/8,8177.94,8284.09,8177.94,8267.09
2013/5/7,8177.58,8181.8,8145.1,8163.06
2013/5/6,8188.48,8197.52,8153.96,8169.05
2013/5/3,8157.51,8175.33,8121.07,8135.03
2013/5/2,8111.43,8139.49,8095.7,8128.51
2013/4/30,8065.92,8115.59,8065.92,8093.66
2013/4/29,8043.71,8046.22,8014.27,8029.74
2013/4/26,8034.47,8081.37,8020.47,8022.06
2013/4/25,8015.38,8026.46,7994.19,8021.75
2013/4/24,7977.4,8025.45,7968.28,8023.71
2013/4/23,7955.92,7968.79,7913.6,7942.77
2013/4/22,7976.1,7996.55,7950.01,7970.38
2013/4/19,7868.9,7933.72,7862.92,7930.8
2013/4/18,7781.48,7826.13,7757.33,7791.35
2013/4/17,7822.81,7822.81,7791.53,7809.07
2013/4/16,7690.91,7801.05,7688.62,7801.05
2013/4/15,7815.32,7835.12,7753.24,7763.53
2013/4/12,7861.12,7864.86,7810.54,7821.63
2013/4/11,7788.58,7857.98,7788.58,7857.98
2013/4/10,7772.95,7772.95,7739.99,7752.8
2013/4/9,7766.62,7781.13,7714.93,7728.54
2013/4/8,7831.22,7843.1,7747.47,7752.79
2013/4/3,7949.12,7954.15,7913.77,7942.35
2013/4/2,7897.16,7924.46,7879.55,7913.18
2013/4/1,7934.25,7937.73,7896.57,7899.24
2013/3/29,7904.5,7931.7,7883.81,7918.61
2013/3/28,7905.71,7905.71,7844.84,7866.88
2013/3/27,7872.75,7894.26,7857.32,7894.12
2013/3/26,7873.7,7876.68,7845.56,7856.36
2013/3/25,7862.58,7877.05,7854.47,7856.12
2013/3/22,7811.52,7832.59,7796.22,7796.22
2013/3/21,7828.95,7843.16,7811.84,7811.84
2013/3/20,7834.73,7844.54,7786.56,7798.03
2013/3/19,7843.47,7863.77,7823.81,7838.47
2013/3/18,7886.69,7888.16,7807.61,7811.34
2013/3/15,7989.67,7999.92,7924.94,7927.49
2013/3/14,8002.42,8002.71,7946.29,7951.76
2013/3/13,8018.9,8047.56,7962.42,7995.51
2013/3/12,8039,8063.23,7986.59,7994.71
2013/3/11,8021.88,8089.21,8001.85,8038.72
2013/3/8,7981,8029.14,7981,8015.14
2013/3/7,7950.9,7984.29,7942.37,7960.51
2013/3/6,7958.11,7982.39,7936.86,7950.3
2013/3/5,7910.44,7939.85,7882.56,7932.71
2013/3/4,7943.54,7944.22,7849.52,7867.34
2013/3/1,7917.72,7964.63,7917.72,7964.63
2013/2/27,7886.03,7912.85,7873.29,7897.98
2013/2/26,7891.41,7927.49,7871.23,7880.9
2013/2/25,7986.87,7995.11,7947.68,7947.68
2013/2/22,7947.88,7970.24,7913.16,7947.72
2013/2/21,8020.52,8020.52,7957.46,7957.46
2013/2/20,8021.31,8029.1,7995.16,8029.1
2013/2/19,7974.4,7974.4,7946.09,7960.88
2013/2/18,8000.69,8005.73,7927.95,7943.53
2013/2/6,7925.26,7941.65,7906.65,7906.65
2013/2/5,7896.67,7896.67,7863.91,7886.94
2013/2/4,7882.76,7929.97,7880.29,7923.16
2013/2/1,7853.75,7866.23,7832,7855.97
2013/1/31,7832.87,7850.02,7800.9,7850.02
2013/1/30,7832.95,7847.21,7804.71,7832.98
2013/1/29,7744.15,7802,7739.6,7802
2013/1/28,7685.67,7717.35,7685.67,7714.67
2013/1/25,7695.25,7704.31,7637.2,7672.58
2013/1/24,7717.04,7724.68,7653.62,7695.99
2013/1/23,7773.2,7773.2,7730.1,7744.18
2013/1/22,7746.79,7759.47,7699.25,7759.1
2013/1/21,7725.36,7739.37,7674.18,7724.92
2013/1/18,7697.28,7732.87,7676.11,7732.87
2013/1/17,7748.57,7774.97,7603.27,7616.64
2013/1/16,7766.09,7769.18,7700.43,7700.43
2013/1/15,7823.51,7823.51,7744.39,7765.02
2013/1/14,7795.68,7823.97,7731.32,7823.97
2013/1/11,7843.57,7845.36,7801.69,7819.15
2013/1/10,7780.98,7825.06,7760.09,7811.64
2013/1/9,7726.4,7763.97,7703.23,7738.64
2013/1/8,7737.07,7751.8,7692.98,7721.66
2013/1/7,7797.05,7797.05,7725.47,7755.09
2013/1/4,7818.27,7818.27,7773.06,7805.99
2013/1/3,7826.34,7855.16,7815.29,7836.84
2013/1/2,7738.05,7793.48,7715.26,7779.22
2012/12/28,7700.87,7708.31,7665.04,7699.5
2012/12/27,7634.8,7661.01,7622.73,7648.41
2012/12/26,7646.51,7683.09,7633.83,7634.19
2012/12/25,7556.24,7654.6,7543.83,7636.57
2012/12/24,7542.84,7566.09,7527.26,7535.52
2012/12/22,7537.52,7546.9,7520.8,7540.14
2012/12/21,7592.57,7608.81,7491.52,7519.93
2012/12/20,7646.13,7646.13,7574.56,7595.46
2012/12/19,7671.13,7685.63,7647.01,7677.47
2012/12/18,7620.29,7643.74,7616.04,7643.74
2012/12/17,7664.97,7683.32,7603.51,7631.28
2012/12/14,7722.88,7723.74,7686.32,7698.77
2012/12/13,7713.69,7757.09,7699.41,7757.09
2012/12/12,7653.9,7696.02,7645.54,7690.19
2012/12/11,7621,7630.66,7556.67,7613.69
2012/12/10,7658.39,7669.05,7603.25,7609.5
2012/12/7,7640.25,7672.92,7631.63,7642.26
2012/12/6,7660.97,7673.62,7616.79,7623.26
2012/12/5,7575.63,7650.12,7567.46,7649.05
2012/12/4,7572.11,7600.98,7536.66,7600.98
2012/12/3,7582.65,7628.29,7562.19,7599.91
2012/11/30,7519.07,7590.69,7515.15,7580.17
2012/11/29,7468.93,7521.52,7466.49,7503.55
2012/11/28,7418.42,7434.93,7385.91,7434.93
2012/11/27,7408.74,7436.78,7384.97,7430.2
2012/11/26,7372.38,7407.37,7370.28,7407.37
2012/11/23,7148.97,7326.01,7148.97,7326.01
2012/11/22,7116.8,7134.78,7097.38,7105.76
2012/11/21,7150.24,7169.4,7061.87,7088.49
2012/11/20,7179.1,7189.1,7141.16,7145.77
2012/11/19,7134.71,7162.12,7125.21,7129.04
2012/11/16,7125.24,7194.28,7108.84,7130.07
2012/11/15,7132.02,7158.74,7066.28,7143.84
2012/11/14,7141.58,7165.86,7107.78,7159.75
2012/11/13,7262.65,7262.65,7129.87,7136.05
2012/11/12,7303.93,7307.59,7264.02,7267.75
2012/11/9,7206.16,7302.27,7170.29,7293.22
2012/11/8,7229,7242.63,7190.99,7242.63
2012/11/7,7249.75,7287.18,7220.04,7287.18
2012/11/6,7223.02,7236.68,7165.58,7236.68
2012/11/5,7200.77,7216.3,7161.7,7185.36
2012/11/2,7232.2,7235.13,7199.57,7210.47
2012/11/1,7141.97,7188.23,7050.05,7179.64
2012/10/31,7220.02,7222.84,7139.17,7166.05
2012/10/30,7131.15,7206.35,7131.15,7182.59
2012/10/29,7147.2,7165.1,7091.19,7091.67
2012/10/26,7291.98,7298.48,7132.77,7134.06
2012/10/25,7329.5,7339.21,7260,7262.08
2012/10/24,7288.14,7348.45,7274.88,7314.88
2012/10/23,7367.46,7375.5,7326.39,7337.48
2012/10/22,7333.24,7373.04,7310.79,7373.04
2012/10/19,7443.61,7449.22,7402.66,7408.76
2012/10/18,7474.07,7495.45,7448.06,7465.41
2012/10/17,7505.41,7518.36,7450.29,7464.4
2012/10/16,7437.79,7471.02,7437.79,7471.02
2012/10/15,7433.22,7433.68,7392.61,7418.9
2012/10/12,7456.51,7478.51,7398.8,7437.04
2012/10/11,7494.58,7501.22,7448.06,7451.72
2012/10/9,7593.58,7631.96,7590.75,7592.01
2012/10/8,7707.97,7707.97,7612.87,7615.89
2012/10/5,7694.05,7721.93,7675.48,7690.65
2012/10/4,7678.48,7689.08,7621.38,7682.34
2012/10/3,7727.48,7727.53,7680.98,7684.63
2012/10/2,7703.1,7726.61,7683.03,7718.68
2012/10/1,7702.12,7707.89,7657.88,7675.72
2012/9/28,7704.23,7721.29,7665.35,7715.16
2012/9/27,7665.89,7699.23,7658.51,7683.8
2012/9/26,7702.77,7708.9,7649.5,7669.63
2012/9/25,7766.44,7789.39,7720.44,7734.13
2012/9/24,7760.33,7781.55,7706.95,7768.3
2012/9/21,7763.29,7765.01,7737.03,7754.59
2012/9/20,7781.81,7785.47,7704.61,7727.55
2012/9/19,7739.52,7781.91,7726.35,7781.91
2012/9/18,7740.57,7757.04,7714.43,7734.26
2012/9/17,7768.45,7778.06,7725.9,7762.22
2012/9/14,7660.38,7738.05,7660.38,7738.05
2012/9/13,7577.16,7594.76,7557.28,7578.8
2012/9/12,7518.68,7571.42,7515.04,7570.45
2012/9/11,7497.23,7509.16,7468.18,7485.13
2012/9/10,7435.34,7482.74,7435.34,7482.74
2012/9/7,7434.43,7446.1,7409.88,7424.91
2012/9/6,7383.04,7390.76,7313.56,7326.72
2012/9/5,7429.93,7429.93,7364.68,7367.44
2012/9/4,7471.31,7479.01,7440.03,7451.35
2012/9/3,7430.4,7462.15,7389.68,7450.53
2012/8/31,7363.25,7406.52,7363.25,7397.06
2012/8/30,7372.06,7404.94,7360.1,7371.44
2012/8/29,7379.48,7405.3,7368.4,7391.15
2012/8/28,7440.56,7445.08,7359.83,7361.94
2012/8/27,7504.45,7523.54,7457.75,7468.22
2012/8/24,7479.57,7494.36,7454.85,7477.53
2012/8/23,7486.58,7519.03,7475.09,7505.17
2012/8/22,7495.87,7501.26,7461.07,7496.58
2012/8/21,7459.5,7536.32,7459.5,7506.81
2012/8/20,7482.05,7485.16,7422.44,7431.91
2012/8/17,7502.85,7516.71,7467.92,7467.92
2012/8/16,7475.68,7515.02,7456.4,7490.21
2012/8/15,7489.81,7489.81,7442.72,7467.74
2012/8/14,7447.03,7520.65,7447.03,7479.25
2012/8/13,7495.81,7495.81,7423.84,7436.3
2012/8/10,7443.36,7458.23,7409.43,7441.12
2012/8/9,7341.87,7435,7341.87,7433.7
2012/8/8,7331.59,7357.42,7302.9,7319.8
2012/8/7,7289.89,7300.99,7265.96,7295.46
2012/8/6,7311.74,7340.56,7276.6,7286.33
2012/8/3,7220.51,7235.63,7186.78,7217.51
2012/8/1,7242.58,7273.62,7223.17,7267.96
2012/7/31,7140.53,7270.49,7140.53,7270.49
2012/7/30,7159.21,7184.31,7146.07,7158.88
2012/7/27,7060.43,7124.49,7045.31,7124.49
2012/7/26,7012.94,7023.98,6963.57,6970.69
2012/7/25,6932.12,7036.95,6922.73,6979.13
2012/7/24,7004.44,7015.76,6968.78,7008.35
2012/7/23,7105.99,7105.99,6996.18,7028.73
2012/7/20,7136.48,7164.68,7130.71,7164.68
2012/7/19,7109.33,7163.75,7098.18,7148.57
2012/7/18,7132.65,7132.65,7046.09,7049.05
2012/7/17,7056.8,7133.05,7051.76,7127
2012/7/16,7132.94,7136.56,7085.38,7090.04
2012/7/13,7113.14,7153.85,7103.71,7104.27
2012/7/12,7240.88,7242.78,7130.93,7130.93
2012/7/11,7207.08,7261.59,7202.38,7257.91
2012/7/10,7305.76,7328.75,7228.88,7251.35
2012/7/9,7301.72,7333.28,7293.11,7309.96
2012/7/6,7392.78,7406.62,7328.03,7368.59
2012/7/5,7412.55,7426.62,7376.45,7387.78
2012/7/4,7414.56,7442.55,7397.8,7422.59
2012/7/3,7363.37,7431.7,7357.67,7418.36
2012/7/2,7332.09,7359.99,7318.22,7345.16
2012/6/29,7183.45,7296.28,7177.59,7296.28
2012/6/28,7230.47,7236.71,7165.34,7169.61
2012/6/27,7137.99,7199.32,7127.98,7183.01
2012/6/26,7145.22,7156.99,7117.17,7137.93
2012/6/25,7222.61,7222.61,7157.9,7166.38
2012/6/22,7210.8,7229.73,7185.31,7222.05
2012/6/21,7301.79,7311.39,7259.11,7279.05
2012/6/20,7309.23,7334.63,7281.74,7334.63
2012/6/19,7286.54,7288.98,7239.42,7273.13
2012/6/18,7263.81,7302.82,7262.8,7281.5
2012/6/15,7094,7166.08,7085.92,7155.83
2012/6/14,7096.86,7114.07,7070.36,7075.1
2012/6/13,7103.2,7109.34,7059.85,7088.83
2012/6/12,7042.37,7076.37,7039.35,7072.08
2012/6/11,7081.72,7137.98,7081.72,7120.23
2012/6/8,7033.51,7063.08,6979.82,6999.65
2012/6/7,7133.78,7139.16,7052.36,7080.31
2012/6/6,7037.92,7076.28,7004.4,7056.15
2012/6/5,6988.52,7037.57,6967.31,7000.45
2012/6/4,6907.13,6937.33,6857.35,6894.66
2012/6/1,7213.69,7218.75,7106.09,7106.09
2012/5/31,7184.91,7301.5,7132.8,7301.5
2012/5/30,7331.64,7331.64,7222.88,7261.8
2012/5/29,7179.58,7349.85,7178.67,7342.29
2012/5/28,7067.55,7136,7047.32,7136
2012/5/25,7116.33,7139.76,7066.39,7071.63
2012/5/24,7155.74,7190.55,7090.47,7124.89
2012/5/23,7213.6,7213.6,7130.52,7147.75
2012/5/22,7257.96,7274.89,7232.52,7274.89
2012/5/21,7164.9,7220.1,7164.9,7192.23
2012/5/18,7252.24,7253.1,7149.36,7151.19
2012/5/17,7304.4,7356.77,7274.32,7356.77
2012/5/16,7376.71,7399.83,7234.57,7234.57
2012/5/15,7328.74,7396.42,7291.44,7395.64
2012/5/14,7389.89,7412.59,7346.86,7377.18
2012/5/11,7472.56,7473.55,7382.95,7401.37
2012/5/10,7479.14,7523.37,7470.81,7484.01
2012/5/9,7485.33,7513.71,7448.9,7475.71
2012/5/8,7572.16,7572.31,7522.29,7545.71
2012/5/7,7608.35,7608.35,7515.69,7538.08
2012/5/4,7619.73,7704.87,7614.99,7700.95
2012/5/3,7671.06,7681.23,7643.09,7659.53
2012/5/2,7511.76,7679.07,7511.76,7676.81
2012/4/30,7439.22,7501.72,7422.14,7501.72
2012/4/27,7569.29,7598.45,7459.75,7480.5
2012/4/26,7596.53,7600.45,7509.88,7521.35
2012/4/25,7552.78,7569.25,7525.69,7563.18
2012/4/24,7457.02,7533.55,7444.79,7498.84
2012/4/23,7488.82,7521.42,7430.93,7481.09
2012/4/20,7601.57,7605.22,7507.15,7507.15
2012/4/19,7602.28,7632.73,7528.04,7622.69
2012/4/18,7676.48,7683.95,7590.98,7605
2012/4/17,7736.7,7752.1,7585.87,7585.87
2012/4/16,7747.36,7749.49,7714.14,7729.86
2012/4/13,7734.55,7788.27,7733.18,7788.27
2012/4/12,7669.46,7673.84,7599,7662.92
2012/4/11,7592.94,7666.07,7573.05,7656.67
2012/4/10,7659.03,7692.94,7605.67,7640.68
2012/4/9,7587.68,7650.89,7529.39,7600.87
2012/4/6,7667.9,7713.24,7638.05,7706.26
2012/4/5,7603.31,7667.04,7528.03,7639.82
2012/4/3,7896.72,7907.62,7723.39,7760.85
2012/4/2,7905.88,7928.43,7859.56,7862.9
2012/3/30,7832.22,7933,7775.75,7933
2012/3/29,7997.87,7997.87,7808.55,7872.66
2012/3/28,8074.64,8085.43,8013.8,8038.07
2012/3/27,8033.22,8033.22,7978.74,8029.46
2012/3/26,8073.93,8073.93,7958.72,7967.62
2012/3/23,8067.93,8076.61,8030.88,8076.61
2012/3/22,7997.66,8075.97,7995.57,8059.94
2012/3/21,7993.46,8013.67,7940.19,7981.94
2012/3/20,8062.91,8062.91,7965.96,7972.7
2012/3/19,8113.46,8123.15,7997.05,8043.92
2012/3/16,8130.28,8130.52,8054.94,8054.94
2012/3/15,8141.93,8142.98,8088.1,8121.62
2012/3/14,8132.96,8170.31,8113.76,8125.26
2012/3/13,7990.6,8045.61,7974.38,8031.51
2012/3/12,8028.87,8028.87,7927.55,7927.55
2012/3/9,8012.59,8027.08,7965.68,8016.01
2012/3/8,7952.94,8000.93,7905.5,7984.56
2012/3/7,7846.49,7937.11,7824.45,7903.08
2012/3/6,8006.85,8028.02,7860.87,7937.97
2012/3/5,8105.27,8115.49,7998.96,8004.74
2012/3/3,8119.94,8134.94,8087.2,8114.44
2012/3/2,8161.87,8170.72,8114.14,8144.04
2012/3/1,8127.57,8151.7,8103.75,8118.34
2012/2/29,8046.14,8121.44,8046.14,8121.44
2012/2/24,7971.62,7974.58,7899.62,7959.34
2012/2/23,7981.92,7991.92,7935.42,7937.3
2012/2/22,7908.38,8018.54,7897.65,8001.68
2012/2/21,7953.06,7973.47,7870.26,7921.5
2012/2/20,7959.99,7985.5,7913.65,7954.82
2012/2/17,7956.91,8013.46,7862.11,7894.36
2012/2/16,7983.75,8010.5,7851.62,7869.7
2012/2/15,7919.41,8011.87,7902.08,8005.24
2012/2/14,7937.28,7937.28,7829.76,7884.08
2012/2/13,7849.21,7917.96,7837.58,7912.91
2012/2/10,7922.61,7941.63,7848.78,7862.27
2012/2/9,7863.36,7910.78,7840.38,7910.78
2012/2/8,7766.38,7869.91,7766.38,7869.91
2012/2/7,7680.36,7751.76,7673.91,7707.44
2012/2/6,7752.28,7752.28,7677.56,7687.98
2012/2/3,7658.68,7674.99,7608.41,7674.99
2012/2/2,7613.79,7652.46,7578.76,7652.46
2012/2/1,7520.36,7566.08,7488.97,7549.21
2012/1/31,7436.52,7517.08,7421.01,7517.08
2012/1/30,7382.72,7441.22,7382.72,7407.41
2012/1/18,7233.69,7233.69,7233.69,7233.69
2012/1/17,7144.2,7221.08,7118.36,7221.08
2012/1/16,7241.92,7258.84,7091.35,7103.62
2012/1/13,7226.24,7249.94,7169.92,7181.54
2012/1/12,7202.38,7209.74,7173.87,7186.58
2012/1/11,7203.1,7212.36,7184.38,7188.21
2012/1/10,7128.86,7181.74,7128.86,7178.87
2012/1/9,7103.09,7103.09,7050.25,7093.04
2012/1/6,7129.53,7139.04,7090.47,7120.51
2012/1/5,7099.35,7130.86,7073.32,7130.86
2012/1/4,7093.07,7116.22,7064.58,7082.97
2012/1/3,7005.39,7073.79,7005.39,7053.38
2012/1/2,7071.35,7073.48,6948.67,6952.21
2011/12/30,7109.85,7139.03,7054.79,7072.08
2011/12/29,7026.86,7074.82,6998.97,7074.82
2011/12/28,7086.1,7093.47,7036.92,7056.67
2011/12/27,7085.5,7107.67,7043.64,7085.03
2011/12/26,7125.04,7125.67,7078.06,7092.58
2011/12/23,7035.1,7122.28,7035.1,7110.73
2011/12/22,6968.22,6989.59,6940.85,6966.35
2011/12/21,6878.63,6966.48,6878.63,6966.48
2011/12/20,6654.67,6696.93,6646.3,6662.64
2011/12/19,6780.64,6780.64,6609.11,6633.33
2011/12/16,6783.02,6810.08,6757.33,6785.09
2011/12/15,6874.18,6874.18,6764.59,6764.59
2011/12/14,6912.54,6926.09,6860.39,6922.57
2011/12/13,6883.08,6919.68,6850.88,6896.31
2011/12/12,6975.62,7002.09,6923.88,6949.04
2011/12/9,6891.47,6927.99,6831.39,6893.3
2011/12/8,7018.64,7018.64,6907.95,6982.9
2011/12/7,7004.18,7046.39,6992.27,7033
2011/12/6,7075.84,7075.84,6956.28,6956.28
2011/12/5,7149.58,7149.59,7057.33,7098.08
2011/12/2,7164,7186.66,7109.71,7140.68
2011/12/1,7132.41,7199.26,7129.07,7178.69
2011/11/30,7001.59,7001.59,6860.05,6904.12
2011/11/29,6966.58,6998.06,6934.87,6988.65
2011/11/28,6844.3,6920.79,6844.3,6898.78
2011/11/25,6906.34,6950.5,6751.48,6784.52
2011/11/24,6748.92,6885.24,6744.26,6864.39
2011/11/23,6967.66,6981.54,6806.43,6806.43
2011/11/22,7064.61,7082.4,6970.72,7000.03
2011/11/21,7166.26,7183.47,7042.64,7042.64
2011/11/18,7296.09,7327.67,7233.78,7233.78
2011/11/17,7333.57,7392.82,7284.3,7387.81
2011/11/16,7520.95,7541.68,7385.13,7387.52
2011/11/15,7515.5,7528.78,7475.33,7491.06
2011/11/14,7472.16,7544.23,7472.16,7525.65
2011/11/11,7369.73,7385.98,7288.49,7367.29
2011/11/10,7431.26,7434.37,7274.84,7308.68
2011/11/9,7646.12,7654.15,7561.86,7561.86
2011/11/8,7652.47,7683.09,7600.79,7600.79
2011/11/7,7623.16,7638.03,7586.86,7621.72
2011/11/4,7581.61,7635.75,7578.36,7603.23
2011/11/3,7603.45,7603.45,7460.31,7460.31
2011/11/2,7500.54,7599.54,7448.28,7598.45
2011/11/1,7547.24,7656.26,7505.96,7622.01
2011/10/31,7637.48,7658.97,7557.05,7587.69
2011/10/28,7693.24,7743.37,7602.63,7616.06
2011/10/27,7548.36,7590.88,7504.96,7565.21
2011/10/26,7437.77,7548.51,7425.99,7535.82
2011/10/25,7506.08,7506.08,7468.53,7491.21
2011/10/24,7436.02,7472.5,7428.29,7470.3
2011/10/21,7272.51,7272.51,7205.21,7254.51
2011/10/20,7347.93,7361.22,7240.15,7244.32
2011/10/19,7393.73,7393.73,7316.58,7353.37
2011/10/18,7352.12,7379.08,7322.01,7359.48
2011/10/17,7412.88,7475.06,7401.3,7461.12
2011/10/14,7430.5,7430.5,7353.8,7358.08
2011/10/13,7423.18,7444.33,7372.41,7428.33
2011/10/12,7390.06,7407.08,7323.54,7382.35
2011/10/11,7348.86,7398.71,7348.86,7398.71
2011/10/7,7211.96,7211.96,7211.96,7211.96
2011/10/6,7094.61,7170.92,7094.61,7132
2011/10/5,7061.17,7091.01,6989.15,6989.15
2011/10/4,6937.24,7047.99,6889.99,7047.87
2011/10/3,7128.66,7128.66,6998.37,7013.97
2011/9/30,7222.16,7251.87,7163.75,7225.38
2011/9/29,7090.12,7218.57,7061.01,7182.61
2011/9/28,7148.38,7154.4,7099.73,7146.98
2011/9/27,7031.13,7119.14,7027.89,7089.95
2011/9/26,7026.49,7058.43,6877.12,6877.12
2011/9/23,7101.34,7126.81,6997.61,7046.22
2011/9/22,7419.49,7419.49,7287.76,7305.5
2011/9/21,7515.66,7574.78,7465.98,7535.88
2011/9/20,7485.6,7544.88,7389.39,7492.85
2011/9/19,7572.83,7572.94,7468.77,7480.88
2011/9/16,7494.29,7606.7,7494.29,7577.4
2011/9/15,7374.58,7430.29,7348.21,7385.68
2011/9/14,7455.5,7477.86,7186.75,7228.47
2011/9/13,7530,7538.04,7382,7391.37
2011/9/9,7610.57,7610.57,7610.57,7610.57
2011/9/8,7601.29,7626.78,7520.76,7548.37
2011/9/7,7468.29,7529.01,7428.7,7529.01
2011/9/6,7496.24,7522.94,7357.76,7367.19
2011/9/5,7637.9,7637.9,7538.58,7551.57
