Date,Open,High,Low,Close,Volume,Adj Close
2015-12-30,61.15,61.15,60.45,60.55,7248000,60.55,62.078723404255335,-0.024625561229736047,-0.11382978723405301
2015-12-29,61.40,61.40,60.80,61.00,3950000,61.00,62.192553191489388,-0.019175176613469225,-0.095744680851048258
2015-12-28,61.70,61.70,61.40,61.45,3433000,61.45,62.288297872340436,-0.013458352547352007,-0.086170212765964038
2015-12-24,61.35,61.65,61.20,61.20,8431000,61.20,62.3744680851064,-0.018829308227589259,-0.10106382978723616
2015-12-23,60.95,61.30,60.80,60.90,7249000,60.90,62.475531914893637,-0.025218383367105749,-0.10744680851062327
2015-12-22,60.70,60.90,60.40,60.80,5131000,60.80,62.58297872340426,-0.028489834772557402,-0.10531914893617511
2015-12-21,60.05,60.75,59.90,60.65,4324000,60.65,62.688297872340435,-0.032514806455445043,-0.1138297872340388
2015-12-18,60.85,61.25,60.50,60.75,4856000,60.75,62.802127659574474,-0.032676084967984638,-0.091489361702130623
2015-12-17,60.55,61.05,60.35,61.05,7558000,61.05,62.893617021276604,-0.029313261163734956,-0.090425531914881674
2015-12-16,60.00,60.40,59.70,60.35,6502000,60.35,62.984042553191486,-0.041820792162824014,-0.1106382978723488
2015-12-15,59.70,60.05,59.35,59.45,6738000,59.45,63.094680851063835,-0.057765263282132592,-0.11170212765957643
2015-12-14,59.25,59.65,59.00,59.40,9502000,59.40,63.206382978723411,-0.060221496616959094,-0.11595744680851539
2015-12-11,60.55,60.70,59.80,59.85,13803000,59.85,63.322340425531927,-0.05483594576886261,-0.086170212765949827
2015-12-10,60.40,60.75,59.75,60.55,16590000,60.55,63.408510638297876,-0.045080867055902397,-0.060638297872337432
2015-12-09,61.20,61.35,60.70,60.75,15999000,60.75,63.469148936170214,-0.042842057625584573,-0.053191489361701372
2015-12-08,62.25,62.30,61.20,61.50,9101000,61.50,63.522340425531915,-0.031836680008708616,-0.044680851063830573
2015-12-07,62.20,63.00,62.20,62.50,14792000,62.50,63.567021276595746,-0.016785768078590214,0.0021276595744552651
2015-12-04,61.95,61.95,61.40,61.75,15030000,61.75,63.564893617021291,-0.028551823400445396,-0.010638297872333169
2015-12-03,61.90,62.55,61.70,62.40,6045000,62.40,63.575531914893624,-0.018490319773765626,0.0010638297872276326
2015-12-02,62.45,62.75,62.15,62.30,6337000,62.30,63.574468085106396,-0.020046854082998909,-0.031914893617027928
2015-12-01,61.70,62.45,61.45,62.40,8378000,62.40,63.606382978723424,-0.018966382338183971,-0.022340425531901076
2015-11-30,60.90,61.20,60.45,61.20,23234000,61.20,63.628723404255325,-0.038170236244169181,-0.077659574468086134
2015-11-27,62.90,62.90,61.80,61.95,6013000,61.95,63.706382978723411,-0.027569968605971606,-0.064893617021269279
2015-11-26,62.30,62.95,62.30,62.80,8620000,62.80,63.771276595744681,-0.015230628075736132,-0.023404255319150025
2015-11-25,61.85,62.10,61.50,61.95,5948000,61.95,63.794680851063831,-0.02891590374706085,-0.025531914893619501
2015-11-24,62.50,62.65,61.85,61.95,6584000,61.95,63.82021276595745,-0.029304395659348906,-0.03617021276595267
2015-11-23,62.60,62.75,62.15,62.60,3448000,62.60,63.856382978723403,-0.019675135360266511,-0.019148936170218178
2015-11-20,62.35,62.50,62.05,62.30,5406000,62.30,63.875531914893621,-0.024665656279666343,-0.024468085106370552
2015-11-19,61.95,62.30,61.55,62.30,10064000,62.30,63.899999999999991,-0.02503912363067284,-0.039361702127656883
2015-11-18,62.35,62.35,61.20,61.40,14873000,61.40,63.939361702127648,-0.039715155649468266,-0.0010638297872418434
2015-11-17,62.00,62.60,62.00,62.35,8653000,62.35,63.94042553191489,-0.024873552508984351,0.023404255319150025
2015-11-16,61.20,61.30,60.60,61.15,13390000,61.15,63.91702127659574,-0.04329083585766115,-0.0042553191489318465
2015-11-13,61.80,62.45,61.55,61.60,20288000,61.60,63.921276595744672,-0.036314615717471466,-0.011702127659582118
2015-11-12,62.20,62.40,61.85,62.25,14189000,62.25,63.932978723404254,-0.026324109356540244,0.0031914893617042139
2015-11-11,62.90,63.00,61.95,62.15,16167000,62.15,63.92978723404255,-0.027839717775485048,-0.0031914893617042139
2015-11-10,63.30,63.40,62.85,62.90,8816000,62.90,63.932978723404254,-0.016157212506447912,0.023404255319150025
2015-11-09,64.00,64.35,63.60,63.65,5519000,63.65,63.909574468085104,-0.0040615896795671942,0.07446808510636771
2015-11-06,65.40,65.40,63.65,64.10,11815000,64.10,63.835106382978736,0.0041496541954834159,0.079787234042562716
2015-11-05,65.65,65.65,65.25,65.40,5888000,65.40,63.755319148936174,0.025796762890038412,0.11489361702128065
2015-11-04,64.75,65.60,64.70,65.55,16529000,65.55,63.640425531914893,0.030005683527799101,0.17127659574467913
2015-11-03,63.80,64.40,63.80,64.30,9282000,64.30,63.469148936170214,0.01309062871892855,0.095744680851062469
2015-11-02,63.10,63.40,62.60,63.30,4813000,63.30,63.373404255319151,-0.0011582817142570215,0.040425531914891621
2015-10-30,63.30,63.45,62.80,63.20,5974000,63.20,63.33297872340426,-0.0020996758100549537,0.034042553191483194
2015-10-29,64.10,64.30,63.10,63.30,8367000,63.30,63.298936170212777,1.6806440227681811e-05,0.015957446808506859
2015-10-28,64.20,64.25,63.60,63.75,5057000,63.75,63.28297872340427,0.0073798877046697764,0.018085106382976335
2015-10-27,64.50,64.55,63.95,64.20,5706000,64.20,63.264893617021293,0.014780810170004315,0.019148936170203967
2015-10-26,64.50,64.85,64.45,64.55,12054000,64.55,63.245744680851089,0.020622024860809284,0.021276595744673443
2015-10-23,66.20,66.50,65.85,65.90,20515000,65.90,63.224468085106416,0.04231798219784242,0.052127659574473739
2015-10-22,65.30,65.60,65.25,65.50,8048000,65.50,63.172340425531942,0.036846182344817846,0.020212765957445811
2015-10-21,66.10,66.15,65.40,65.50,11471000,65.50,63.152127659574496,0.037178040193385983,0.020212765957452916
2015-10-20,66.00,66.10,65.80,65.95,4519000,65.95,63.131914893617044,0.044638042599082987,0.026595744680861344
2015-10-19,66.00,66.20,65.70,65.95,7397000,65.95,63.105319148936182,0.045078305433334867,0.020212765957438705
2015-10-16,65.95,66.00,65.60,65.75,8181000,65.75,63.085106382978744,0.042242833052276225,0.0010638297872276326
2015-10-15,65.65,66.35,65.65,66.00,14332000,66.00,63.084042553191516,0.046223376448169005,0.014893617021286332
2015-10-14,65.30,65.30,64.95,65.05,7117000,65.05,63.06914893617023,0.031407607320569811,-0.0042553191489318465
2015-10-13,65.60,65.65,65.15,65.30,7479000,65.30,63.073404255319161,0.035301657980400837,-0.018085106382976335
2015-10-12,65.05,65.90,65.05,65.55,17447000,65.55,63.091489361702138,0.038967389471554099,-0.020212765957452916
2015-10-08,65.10,65.30,64.60,64.70,12345000,64.70,63.111702127659591,0.025166455962915921,-0.014893617021279226
2015-10-07,63.90,64.85,63.90,64.85,8615000,64.85,63.12659574468087,0.027300763410235705,-0.021276595744666338
2015-10-06,64.15,64.70,63.85,63.90,8285000,63.90,63.147872340425536,0.011910578008389537,-0.040425531914898727
2015-10-05,63.80,64.00,63.25,63.40,5372000,63.40,63.188297872340435,0.0033503375591358115,-0.071276595744677707
2015-10-02,63.35,63.60,63.10,63.25,7563000,63.25,63.259574468085113,-0.00015135207856864459,-0.082978723404259824
2015-10-01,62.60,63.70,62.20,63.60,11966000,63.60,63.342553191489372,0.0040643579322157666,-0.089361702127661147
2015-09-30,61.45,62.60,61.45,62.40,8559000,62.40,63.431914893617034,-0.016268070975749047,-0.13297872340424988
2015-09-25,62.15,62.35,61.60,62.25,5959000,62.25,63.564893617021283,-0.020685846261987353,-0.12234042553192381
2015-09-23,63.20,63.20,62.20,62.35,10024000,62.35,63.687234042553207,-0.020996893061170165,-0.1308510638297804
2015-09-22,63.55,63.95,63.55,63.80,4320000,63.80,63.818085106382988,-0.00028338528730285738,-0.1021276595744709
2015-09-21,64.05,64.10,63.20,63.45,9964000,63.45,63.920212765957459,-0.0073562453191313697,-0.10212765957446379
2015-09-18,65.00,65.00,64.55,64.85,3497000,64.85,64.022340425531922,0.012927668200926995,-0.069148936170208231
2015-09-17,64.50,65.15,64.50,65.00,12861000,65.00,64.091489361702131,0.014175214952029964,-0.065957446808511122
2015-09-16,63.65,64.00,63.40,63.90,7408000,63.90,64.157446808510642,-0.0040127346289050301,-0.068085106382980598
2015-09-15,63.75,63.85,63.05,63.15,5733000,63.15,64.225531914893622,-0.016746173722918013,-0.092553191489358255
2015-09-14,63.90,64.00,63.25,63.65,4368000,63.65,64.318085106382981,-0.010387204551845103,-0.12659574468085566
2015-09-11,63.30,63.70,63.05,63.50,7921000,63.50,64.444680851063836,-0.014658787018389614,-0.12340425531914434
2015-09-10,63.80,63.80,63.15,63.45,10170000,63.45,64.568085106382981,-0.017316373941410997,-0.14148936170212778
2015-09-09,62.65,64.15,62.65,64.15,23959000,64.15,64.709574468085108,-0.0086474756275995279,-0.12659574468084145
2015-09-08,61.50,61.65,61.10,61.45,9628000,61.45,64.83617021276595,-0.052226561218127368,-0.18297872340426125
2015-09-07,61.30,62.30,61.10,61.25,10140000,61.25,65.019148936170211,-0.057969828855656248,-0.1734042553191415
2015-09-04,62.15,62.55,61.35,61.35,15774000,61.35,65.192553191489353,-0.058941596906055556,-0.15851063829788359
2015-09-03,62.35,62.40,61.60,62.15,7531000,62.15,65.351063829787236,-0.048982581800423301,-0.17659574468085282
2015-09-02,61.10,62.30,60.95,62.10,18154000,62.10,65.527659574468089,-0.052308591466978409,-0.17765957446808045
2015-08-31,61.30,62.35,61.20,62.30,18843000,62.30,65.705319148936169,-0.051827145702119423,-0.1563829787233999
2015-08-28,61.00,61.90,61.00,61.80,18661000,61.80,65.861702127659569,-0.061670166370537849,-0.16489361702127781
2015-08-27,60.60,60.65,60.00,60.15,18309000,60.15,66.026595744680847,-0.089003464110207015,-0.1957446808510781
2015-08-26,59.30,60.50,58.65,60.35,17068000,60.35,66.222340425531925,-0.088676123311217978,-0.17127659574467202
2015-08-25,57.50,60.00,57.50,60.00,43402000,60.00,66.393617021276597,-0.096298670084922308,-0.18085106382979177
2015-08-24,59.10,59.10,55.40,57.50,61249000,57.50,66.574468085106389,-0.13630552892297867,-0.22765957446807761
2015-08-21,60.60,60.75,59.80,59.80,27963000,59.80,66.802127659574467,-0.1048189317450712,-0.18829787234042783
2015-08-20,61.25,61.85,60.95,61.40,19298000,61.40,66.990425531914894,-0.083451112416826831,-0.15744680851062753
2015-08-19,62.40,62.50,61.30,61.60,17560000,61.60,67.147872340425522,-0.08262171453920357,-0.15425531914894464
2015-08-18,63.00,63.30,62.45,62.55,9818000,62.55,67.302127659574467,-0.070608877086494715,-0.12978723404255277
2015-08-17,63.30,63.30,62.70,62.90,13810000,62.90,67.431914893617019,-0.067207269744107526,-0.11595744680850828
2015-08-14,63.45,63.75,63.15,63.30,8384000,63.30,67.547872340425528,-0.062886841483581368,-0.11914893617020539
2015-08-13,63.45,63.90,63.35,63.55,16124000,63.55,67.667021276595733,-0.060842360117597,-0.10425531914893327
2015-08-12,64.25,64.45,63.00,63.45,24174000,63.45,67.771276595744666,-0.063762655992465028,-0.10957446808509985
2015-08-11,65.30,65.80,64.40,64.55,17378000,64.55,67.880851063829766,-0.049069082246739969,-0.11489361702126644
2015-08-10,64.60,64.75,64.00,64.55,10067000,64.55,67.995744680851033,-0.050675887101820749,-0.12446808510640039
2015-08-07,64.50,65.00,64.20,64.70,6874000,64.70,68.120212765957433,-0.050208486249277484,-0.12340425531914434
2015-08-06,66.00,66.05,64.55,65.00,23581000,65.00,68.243617021276577,-0.047529969290245888,-0.12978723404255277
2015-08-05,65.55,66.00,65.30,65.70,9857000,65.70,68.37340425531913,-0.039100060680555465,-0.12340425531915855
2015-08-04,65.50,66.00,65.00,65.30,12273000,65.30,68.496808510638289,-0.046670911830027716,-0.12446808510637197
2015-08-03,65.90,65.90,64.90,65.25,15733000,65.25,68.621276595744661,-0.049128736202405772,-0.12234042553191671
2015-07-31,66.50,66.55,65.80,66.15,11151000,66.15,68.743617021276577,-0.037728841362447238,-0.096808510638311418
2015-07-30,65.60,66.55,65.55,66.50,7441000,66.50,68.840425531914889,-0.033997836501313487,-0.089361702127646936
2015-07-29,65.90,65.90,65.10,65.40,18445000,65.40,68.929787234042536,-0.051208445226409528,-0.10106382978725037
2015-07-28,65.75,66.30,65.50,65.85,17498000,65.85,69.030851063829786,-0.046078688221424344,-0.1053191489361609
2015-07-27,66.40,66.55,65.55,65.80,28397000,65.80,69.136170212765947,-0.048255062473071847,-0.11702127659575012
2015-07-24,67.05,67.25,66.50,66.75,19915000,66.75,69.253191489361697,-0.036145503702110594,-0.074468085106389026
2015-07-23,67.50,67.85,66.85,67.15,20963000,67.15,69.327659574468086,-0.031411122023078747,-0.060638297872344538
2015-07-22,68.20,68.30,67.70,67.80,14120000,67.80,69.388297872340431,-0.02288999616711395,-0.048936170212755314
2015-07-21,68.35,68.65,68.00,68.65,3337000,68.65,69.437234042553186,-0.011337347367130724,-0.052127659574466634
2015-07-20,69.00,69.20,67.80,68.00,7818000,68.00,69.489361702127653,-0.021432945499081348,-0.057446808510647429
2015-07-17,68.35,68.65,68.30,68.50,3425000,68.50,69.5468085106383,-0.015051855477712883,-0.049999999999997158
2015-07-16,68.60,68.95,68.20,68.60,6927000,68.60,69.596808510638297,-0.014322618119564126,-0.040425531914891621
2015-07-15,68.30,68.65,68.00,68.25,8853000,68.25,69.637234042553189,-0.019920866496585612,-0.046808510638285838
2015-07-14,68.30,68.70,68.05,68.10,9602000,68.10,69.684042553191475,-0.022731783277101687,-0.068085106382994809
2015-07-13,68.00,68.10,67.20,68.10,15774000,68.10,69.752127659574469,-0.02368569554806544,-0.065957446808511122
2015-07-09,66.80,67.35,66.10,67.10,33048000,67.10,69.818085106382981,-0.038930960398604386,-0.095744680851055364
2015-07-08,69.20,69.20,67.45,67.50,37707000,67.50,69.913829787234036,-0.034525784019841965,-0.084042553191480351
2015-07-07,69.65,70.10,69.45,69.60,4698000,69.60,69.997872340425516,-0.0056840633453902967,-0.046808510638300049
2015-07-06,69.55,70.05,69.20,69.30,7572000,69.30,70.044680851063816,-0.01063151180097795,-0.070212765957450074
2015-07-03,70.00,70.20,69.25,70.10,7754000,70.10,70.114893617021266,-0.00021241730897608477,-0.056382978723405586
2015-07-02,70.20,70.25,69.85,70.10,4334000,70.10,70.171276595744672,-0.0010157517320840655,-0.044680851063830573
2015-07-01,69.40,70.30,69.25,70.05,6034000,70.05,70.215957446808503,-0.0023635289305030853,-0.030851063829786085
2015-06-30,68.80,69.40,68.80,69.40,4086000,69.40,70.246808510638289,-0.012054761327840837,-0.0053191489361665845
2015-06-29,69.35,69.60,68.75,68.80,11564000,68.80,70.252127659574455,-0.020670230325423488,-0.0031914893616971085
2015-06-26,70.45,70.45,70.15,70.45,4921000,70.45,70.255319148936152,0.0027710478497883022,0.031914893617027928
2015-06-25,70.00,70.65,70.00,70.45,13804000,70.45,70.223404255319124,0.0032267838206336279,0.029787234042544242
2015-06-24,69.60,69.70,69.40,69.65,6121000,69.65,70.19361702127658,-0.0077445363887117726,-0.0010638297872276326
2015-06-23,69.55,69.85,69.35,69.55,5300000,69.55,70.194680851063808,-0.0091841838049191802,0.019148936170196862
2015-06-22,68.75,69.40,68.75,69.35,11303000,69.35,70.175531914893611,-0.011763814143864166,-0.0031914893616971085
2015-06-18,68.45,68.55,68.20,68.40,10657000,68.40,70.178723404255308,-0.025345622119815434,-0.026595744680861344
2015-06-17,68.20,68.75,68.20,68.50,5551000,68.50,70.205319148936169,-0.024290455048262685,-0.012765957446802645
2015-06-16,68.65,68.65,68.05,68.20,8611000,68.20,70.218085106382972,-0.028740246950988427,-0.017021276595741597
2015-06-15,68.80,69.00,68.50,68.65,3733000,68.65,70.235106382978714,-0.022568576665000315,-0.020212765957438705
2015-06-12,68.90,69.00,68.45,68.80,3127000,68.80,70.255319148936152,-0.020714718352513421,-0.014893617021286332
2015-06-11,68.80,68.90,68.40,68.85,7336000,68.85,70.270212765957439,-0.020210736669997242,0.0042553191489389519
2015-06-10,68.55,68.90,68.45,68.65,8654000,68.65,70.2659574468085,-0.022997728993186747,-0.0085106382978779038
2015-06-09,68.50,68.60,68.00,68.35,18401000,68.35,70.274468085106378,-0.027385025280813838,-0.0095744680851055364
2015-06-08,68.30,69.05,68.00,68.90,9060000,68.90,70.284042553191483,-0.019692130715788351,0.0031914893616971085
2015-06-05,68.50,68.60,68.20,68.45,15090000,68.45,70.280851063829786,-0.02605049648825376,-0.020212765957438705
2015-06-04,69.80,69.90,68.35,68.60,28137000,68.60,70.301063829787225,-0.024196843363648697,-0.035106382978725037
2015-06-03,70.30,70.40,69.90,69.95,6541000,69.95,70.33617021276595,-0.0054903502934235317,-0.011702127659575012
2015-06-02,70.45,70.50,70.00,70.40,4861000,70.40,70.347872340425525,0.000740998381901674,-0.0074468085106502713
2015-06-01,71.10,71.15,70.25,70.50,7840000,70.50,70.355319148936175,0.0020564308827531281,-0.0010638297872418434
2015-05-29,71.70,71.70,71.05,71.10,4882000,71.10,70.356382978723417,0.010569290088455169,0.0095744680850913255
2015-05-28,71.75,71.90,71.25,71.50,5766000,71.50,70.346808510638326,0.016392946798535726,0.034042553191497404
2015-05-27,70.85,71.30,70.70,71.15,5790000,71.15,70.312765957446828,0.011907283565830281,0.042553191489361097
2015-05-26,71.20,71.60,70.80,71.00,7503000,71.00,70.270212765957467,0.010385442213945873,0.044680851063816363
2015-05-25,70.45,70.95,70.30,70.70,2383000,70.70,70.225531914893651,0.0067563473307878982,0.026595744680861344
2015-05-22,70.20,70.95,70.20,70.70,6139000,70.70,70.198936170212789,0.0071377695606707455,0.022340425531908181
2015-05-21,70.15,70.20,69.75,70.15,11553000,70.15,70.176595744680881,-0.00037898311251285526,0.023404255319150025
2015-05-20,71.25,71.25,70.80,70.80,7524000,70.80,70.153191489361731,0.0092199441950741503,0.039361702127663989
2015-05-19,70.40,71.45,70.40,71.30,8430000,71.30,70.113829787234067,0.016917778081235284,0.046808510638300049
2015-05-18,70.05,70.30,70.00,70.25,3239000,70.25,70.067021276595767,0.0026114814083776747,0.0095744680851055364
2015-05-15,70.30,70.35,69.70,70.00,11634000,70.00,70.057446808510662,-0.00081999574817052761,0.0063829787234084279
2015-05-14,70.85,70.95,70.00,70.10,16464000,70.10,70.051063829787253,0.00069857854452643397,0.0031914893617113194
2015-05-13,70.70,71.20,70.70,71.10,6844000,71.10,70.047872340425542,0.015020123016174123,0.025531914893619501
2015-05-12,70.60,70.85,70.55,70.70,9048000,70.70,70.022340425531922,0.0096777624162500651,0.014893617021272121
2015-05-11,71.00,71.20,70.30,70.85,11192000,70.85,70.00744680851065,0.012035193824364935,0.011702127659575012
2015-05-08,70.45,70.65,70.45,70.50,5632000,70.50,69.995744680851075,0.0072040853547326459,-0.0063829787234084279
2015-05-07,70.80,70.80,70.15,70.45,10168000,70.45,70.002127659574484,0.0063979818242604772,0.0042553191489389519
2015-05-06,70.80,71.40,70.50,71.30,6585000,71.30,69.997872340425545,0.018602389130368477,0.039361702127663989
2015-05-05,71.40,71.40,70.90,71.20,6781000,71.20,69.958510638297881,0.017746080503641893,0.037234042553194513
2015-05-04,71.45,71.65,70.85,71.60,5364000,71.60,69.921276595744686,0.024008763655174351,0.055319148936177953
2015-04-30,71.60,71.80,71.15,71.45,6742000,71.45,69.865957446808508,0.022672594938636371,0.052127659574466634
2015-04-29,72.50,72.70,71.60,71.80,10060000,71.80,69.813829787234042,0.028449523809523782,0.075531914893616658
2015-04-28,72.85,73.10,72.35,72.60,16452000,72.60,69.738297872340425,0.041034872013912121,0.08723404255317746
2015-04-27,73.00,73.30,72.60,72.75,13253000,72.75,69.651063829787248,0.044492302052785725,0.085106382978722195
2015-04-24,71.70,72.85,71.70,72.20,26487000,72.20,69.565957446808525,0.037863958894054139,0.065957446808525333
2015-04-23,70.20,71.50,70.15,71.50,24299000,71.50,69.5,0.028776978417266189,0.044680851063816363
2015-04-22,69.30,69.80,69.25,69.65,11302000,69.65,69.455319148936184,0.0028029653228769866,0.02127659574469476
2015-04-21,69.05,69.30,68.85,68.95,2857000,68.95,69.434042553191489,-0.0069712569712569233,0.017021276595741597
2015-04-20,68.70,69.15,68.55,68.95,9560000,68.95,69.417021276595747,-0.0067277631336970477,0.020212765957438705
2015-04-17,69.55,69.55,68.90,69.05,9226000,69.05,69.396808510638309,-0.0049974706053686428,0.015957446808513964
2015-04-16,68.95,69.70,68.90,69.70,15728000,69.70,69.380851063829795,0.0045999570670673083,0.011702127659560801
2015-04-15,69.25,69.50,68.40,68.65,17241000,68.65,69.369148936170234,-0.010366985139632466,-0.010638297872333169
2015-04-14,69.85,69.85,69.50,69.50,4557000,69.50,69.379787234042567,0.001732677062728844,0.017021276595741597
2015-04-10,69.70,69.80,69.45,69.65,4579000,69.65,69.362765957446825,0.0041410407815829419,0.020212765957452916
2015-04-09,69.00,69.85,68.95,69.10,6188000,69.10,69.342553191489372,-0.0034978981927528373,0.031914893617027928
2015-04-08,69.60,69.60,68.85,69.00,5051000,69.00,69.310638297872345,-0.0044818271119843418,0.037234042553194513
2015-04-07,69.55,69.70,69.35,69.60,3417000,69.60,69.27340425531915,0.0047145906598890248,0.087234042553191671
2015-04-02,68.90,69.75,68.90,69.50,7782000,69.50,69.186170212765958,0.0045360190666564023,0.078723404255313767
2015-04-01,68.70,68.85,68.50,68.65,8217000,68.65,69.107446808510645,-0.006619356229122097,0.06489361702128349
2015-03-31,69.00,69.25,68.80,69.05,7634000,69.05,69.042553191489361,0.00010785824345143139,0.065957446808511122
2015-03-30,68.75,68.90,68.55,68.80,10336000,68.80,68.97659574468085,-0.002560227027360524,0.064893617021269279
2015-03-27,69.40,69.40,68.65,68.75,9983000,68.75,68.911702127659581,-0.0023465118792164786,0.055319148936163742
2015-03-26,69.40,69.70,69.15,69.40,9497000,69.40,68.856382978723417,0.0078949401313247319,0.061702127659586381
2015-03-25,70.50,70.60,70.10,70.25,4431000,70.25,68.794680851063831,0.021154530131287971,0.11170212765958354
2015-03-24,70.55,70.85,70.35,70.50,4495000,70.50,68.682978723404247,0.02645519035965441,0.11914893617020539
2015-03-23,70.55,70.90,70.45,70.75,7591000,70.75,68.563829787234042,0.031885182311869681,0.089361702127661147
2015-03-20,70.65,70.65,70.40,70.55,4477000,70.55,68.47446808510638,0.030311033775595807,0.078723404255313767
2015-03-19,70.50,70.90,70.25,70.65,12474000,70.65,68.395744680851067,0.032958999564487064,0.073404255319147182
2015-03-18,69.20,70.15,69.20,69.90,18607000,69.90,68.32234042553192,0.023091415847904969,0.073404255319161393
2015-03-17,69.20,69.75,69.00,69.15,7081000,69.15,68.248936170212758,0.01320260622876224,0.060638297872330327
2015-03-16,69.35,69.35,68.85,68.90,6039000,68.90,68.188297872340428,0.010437305958157218,0.055319148936163742
2015-03-13,69.65,69.75,69.45,69.45,4501000,69.45,68.132978723404264,0.01933015848231703,0.077659574468071924
2015-03-12,68.85,69.65,68.80,69.65,5704000,69.65,68.055319148936192,0.023432126555367729,0.077659574468086134
2015-03-11,68.35,69.15,68.30,69.05,10018000,69.05,67.977659574468106,0.015774894755786122,0.081914893617039297
2015-03-10,69.00,69.05,68.60,68.95,6941000,68.95,67.895744680851067,0.015527561029112217,0.11170212765956933
2015-03-09,69.45,69.50,68.90,69.10,7448000,69.10,67.784042553191497,0.019413971153695041,0.11808510638297776
2015-03-06,69.55,69.90,69.30,69.80,3047000,69.80,67.66595744680852,0.031537905229066264,0.11170212765956933
2015-03-05,69.95,70.00,69.35,69.70,3750000,69.70,67.55425531914895,0.031763279318435755,0.09787234042552484
2015-03-04,69.55,70.05,69.50,69.95,6405000,69.95,67.456382978723425,0.036966361242094688,0.098936170212766683
2015-03-03,70.05,70.10,69.50,69.90,5053000,69.90,67.357446808510659,0.037747172910480534,0.098936170212780894
2015-03-02,70.30,70.55,69.75,70.00,6567000,70.00,67.258510638297878,0.040760482735713185,0.099999999999994316
2015-02-26,70.55,70.65,70.05,70.30,8627000,70.30,67.158510638297884,0.046777233917850533,0.087234042553191671
2015-02-25,70.70,70.90,70.55,70.80,23218000,70.80,67.071276595744692,0.055593446159214341,0.094680851063841942
2015-02-24,69.95,70.45,69.95,70.25,14508000,70.25,66.97659574468085,0.048873852409542888,0.07234042553191955
2015-02-16,69.45,69.45,69.45,69.45,000,69.45,66.90425531914893,0.038050564477659539,0.049999999999997158
2015-02-13,69.35,69.65,69.35,69.45,7581000,69.45,66.854255319148933,0.038826917874703715,0.055319148936163742
2015-02-12,69.00,69.20,68.80,69.00,9303000,69.00,66.79893617021277,0.032950582089789883,0.068085106382980598
2015-02-11,68.70,69.25,68.70,69.00,7180000,69.00,66.730851063829789,0.034004495671720286,0.046808510638300049
2015-02-10,68.45,68.50,68.20,68.25,8015000,68.25,66.684042553191489,0.02348324107014662,0.015957446808513964
2015-02-09,68.75,68.75,68.25,68.50,3494000,68.50,66.668085106382975,0.027478138763005103,0.021276595744680549
2015-02-06,69.10,69.20,68.65,68.75,4098000,68.75,66.646808510638294,0.031557272379006567,0.040425531914877411
2015-02-05,69.05,69.25,68.80,69.10,4768000,69.10,66.606382978723417,0.037438108928285932,0.047872340425541893
2015-02-04,69.20,69.50,69.05,69.40,20331000,69.40,66.558510638297875,0.042691600735235397,0.055319148936177953
2015-02-03,68.35,68.85,68.10,68.65,16638000,68.65,66.503191489361697,0.032281285492617696,0.042553191489361097
2015-02-02,68.20,68.35,67.90,68.15,5796000,68.15,66.460638297872336,0.025418980999792062,0.032978723404255561
2015-01-30,68.60,68.60,68.00,68.00,4243000,68.00,66.42765957446808,0.023669965728195838,0.061702127659586381
2015-01-29,69.05,69.05,68.15,68.30,19757000,68.30,66.365957446808494,0.02914208771479888,0.056382978723391375
2015-01-28,68.80,69.20,68.80,69.15,35968000,69.15,66.309574468085103,0.042835828079126101,0.088297872340433514
2015-01-27,69.00,69.25,68.80,69.15,36183000,69.15,66.221276595744669,0.044226320524354469,0.068085106382966387
2015-01-26,68.55,68.85,68.45,68.70,20438000,68.70,66.153191489361703,0.038498649170204589,0.054255319148950321
2015-01-23,68.25,68.70,68.25,68.70,35822000,68.70,66.098936170212752,0.039351069479986733,0.074468085106374815
2015-01-22,67.50,67.90,67.45,67.60,16099000,67.60,66.024468085106378,0.023862849040491109,0.053191489361708477
2015-01-21,67.20,67.30,67.00,67.25,17536000,67.25,65.971276595744669,0.019383032589941,0.037234042553194513
2015-01-16,66.25,66.40,65.35,65.50,9290000,65.50,65.934042553191475,-0.00658298105779448,-0.0031914893616971085
2015-01-15,65.65,65.95,65.35,65.80,3470000,65.80,65.937234042553172,-0.0020812829738143007,0.0042553191489389519
2015-01-14,66.00,66.05,65.40,65.60,7194000,65.60,65.932978723404233,-0.0050502605805376882,0.006382978723394217
2015-01-13,65.60,66.40,65.40,65.95,6146000,65.95,65.926595744680839,0.00035500476029133604,0.024468085106377657
2015-01-12,65.80,66.15,65.65,65.75,9047000,65.75,65.902127659574461,-0.0023083876799895606,0.015957446808513964
2015-01-09,66.90,66.95,66.05,66.15,5877000,66.15,65.886170212765947,0.0040043272568746104,0.038297872340436356
2015-01-08,65.50,66.60,65.50,66.50,13117000,66.50,65.847872340425511,0.0099035494450461278,0.069148936170208231
2015-01-07,64.70,65.25,64.70,65.00,6979000,65.00,65.778723404255302,-0.011838530210893783,0.041489361702119254
2015-01-06,65.75,65.75,64.75,64.90,19469000,64.90,65.737234042553183,-0.012736070428689123,0.029787234042558453
2015-01-05,66.40,66.75,66.00,66.55,6283000,66.55,65.707446808510625,0.012822796081923585,0.059787234042559589
2014-12-30,67.15,67.45,66.85,66.85,8556000,66.85,65.647659574468065,0.018315053930719992,0.086808510638292091
2014-12-29,66.60,67.30,66.55,67.20,11043000,67.20,65.560851063829773,0.025001947192149186,0.088085106382976619
2014-12-26,66.35,66.50,66.20,66.45,6262000,66.45,65.472765957446796,0.014925809659368102,0.098085106382967524
2014-12-25,66.35,66.40,66.15,66.30,4400000,66.30,65.374680851063829,0.014154090496353234,0.081276595744668612
2014-12-24,65.90,66.40,65.85,66.30,6920000,66.30,65.29340425531916,0.015416499662733301,0.079361702127656031
2014-12-23,66.15,66.30,65.75,65.80,5224000,65.80,65.214042553191504,0.0089851422158127945,0.05936170212766001
2014-12-22,65.35,66.00,65.30,66.00,7407000,66.00,65.154680851063844,0.012974035601040834,0.074893617021274395
2014-12-19,64.70,65.30,64.60,65.20,17117000,65.20,65.07978723404257,0.0018471597874946794,0.016382978723413544
2014-12-18,63.95,64.10,63.65,63.70,8566000,63.70,65.063404255319156,-0.020955009516085848,-0.0091489361702059568
2014-12-17,64.55,64.55,63.40,63.55,19551000,63.55,65.072553191489362,-0.023397778584297122,-0.020638297872338285
2014-12-16,64.80,65.00,64.55,64.55,12669000,64.55,65.093191489361701,-0.0083448280370532792,-0.010851063829790064
2014-12-15,64.75,65.10,64.50,65.10,10548000,65.10,65.104042553191491,-6.2093735395822908e-05,-0.00021276595744268434
2014-12-12,65.25,65.50,65.15,65.30,4425000,65.30,65.104255319148933,0.003006634203732149,0.028936170212759293
2014-12-11,65.05,65.35,64.70,65.25,6899000,65.25,65.075319148936174,0.0026842872743203694,0.027872340425531661
2014-12-10,65.95,66.15,65.15,65.30,12837000,65.30,65.047446808510642,0.0038825996081419054,0.033191489361698245
2014-12-09,66.25,66.30,66.00,66.20,4604000,66.20,65.014255319148944,0.018238225986444791,0.050212765957439842
2014-12-08,67.05,67.05,66.35,66.35,7621000,66.35,64.964042553191504,0.021334224169835037,0.04914893617021221
2014-12-05,67.10,67.10,66.75,66.85,4297000,66.85,64.914893617021292,0.029809898393968859,0.052553191489366213
2014-12-04,67.25,67.45,67.10,67.10,11355000,67.10,64.862340425531926,0.034498594404516011,0.045531914893629732
2014-12-03,65.80,67.00,65.70,66.85,10696000,66.85,64.816808510638296,0.031368275237247965,0.034893617021268142
2014-12-02,66.35,66.50,65.65,65.80,19673000,65.80,64.781914893617028,0.015715575991460562,0.0095744680851055364
2014-12-01,66.30,67.45,66.15,66.80,21255000,66.80,64.772340425531922,0.031304404953519528,0.0089361702127774834
2014-11-28,67.55,67.70,67.35,67.50,9344000,67.50,64.763404255319145,0.042255279445970337,0.027021276595732502
2014-11-27,67.15,67.85,67.15,67.50,16514000,67.50,64.736382978723412,0.042690321796089413,0.030000000000001137
2014-11-26,66.75,66.90,66.65,66.85,8904000,66.85,64.706382978723411,0.033128370380112911,0.026595744680847133
2014-11-25,66.65,67.05,66.45,66.85,13164000,66.85,64.679787234042564,0.033553183440516852,0.015106382978743227
2014-11-24,66.90,67.20,66.75,66.80,13110000,66.80,64.664680851063821,0.033021413248048949,0.014042553191487173
2014-11-21,66.60,66.80,66.45,66.65,11922000,66.65,64.650638297872334,0.030925629734942173,-0.0025531914893548446
2014-11-20,66.05,66.70,66.05,66.60,20688000,66.60,64.653191489361689,0.030111560864843647,-0.0087234042553205882
2014-11-17,66.05,66.10,64.80,65.10,17439000,65.10,64.661914893617009,0.0067750097890501839,-0.053191489361708477
2014-11-13,65.00,65.65,65.00,65.65,10816000,65.65,64.715106382978718,0.014446296533743821,-0.036382978723409565
2014-11-12,65.75,65.85,64.90,65.00,18786000,65.00,64.751489361702127,0.0038379138572348687,-0.050212765957454053
2014-11-11,66.25,66.35,65.95,65.95,15080000,65.95,64.801702127659581,0.017720180714979845,-0.035106382978710826
2014-11-10,65.40,66.30,65.25,66.15,16354000,66.15,64.836808510638292,0.020253795945959427,-0.0204255319148956
2014-11-07,65.00,65.25,64.70,65.20,10640000,65.20,64.857234042553188,0.0052849302395770459,-0.062553191489371329
2014-11-06,65.55,65.70,64.95,65.10,21118000,65.10,64.919787234042559,0.0027759297070360013,-0.052127659574466634
2014-11-05,65.80,65.85,65.35,65.50,10529000,65.50,64.971914893617026,0.0081278981425688974,-0.046808510638300049
2014-11-04,65.75,66.05,65.55,65.65,10980000,65.65,65.018723404255326,0.0097091508828880575,-0.041489361702119254
2014-11-03,65.30,65.90,65.30,65.60,10583000,65.60,65.060212765957445,0.0082967333043366762,-0.029148936170216189
2014-10-31,65.00,65.30,64.70,65.30,16546000,65.30,65.089361702127661,0.0032361401673639489,-0.036382978723409565
2014-10-30,64.85,64.95,64.55,64.80,9070000,64.80,65.125744680851071,-0.005001780516251852,-0.04914893617021221
2014-10-29,64.60,65.00,64.50,65.00,9360000,65.00,65.174893617021283,-0.0026834507479058952,-0.027234042553189397
2014-10-28,64.00,64.35,64.00,64.35,11152000,64.35,65.202127659574472,-0.013069016152716745,-0.043191489361717572
2014-10-27,63.40,63.45,63.00,63.25,8034000,63.25,65.24531914893619,-0.030581797667070237,-0.061489361702115275
2014-10-24,63.85,63.85,62.80,63.05,22459000,63.05,65.306808510638305,-0.034557017286653655,-0.048085106382984577
2014-10-23,65.30,65.30,65.00,65.05,7019000,63.50,65.35489361702129,-0.028381862694030823,-0.042553191489361097
2014-10-22,65.10,65.45,65.00,65.30,9317000,63.74,65.397446808510651,-0.025344212800291664,-0.037446808510622986
2014-10-21,64.40,64.55,64.20,64.30,7212000,62.77,65.434893617021274,-0.04072587987409923,-0.050851063829782106
2014-10-20,64.25,64.60,63.90,64.60,10799000,63.06,65.485744680851056,-0.037042331772709845,-0.031063829787228769
2014-10-17,64.25,64.40,63.35,63.35,15641000,61.84,65.516808510638285,-0.056120079628745344,-0.056170212765962901
2014-10-16,63.65,64.35,63.25,64.00,24694000,62.48,65.572978723404248,-0.047168495066403131,-0.035106382978725037
2014-10-15,64.45,64.80,63.95,64.10,14382000,62.57,65.608085106382973,-0.046306565745010575,-0.033191489361712456
2014-10-14,64.00,64.60,64.00,64.55,12842000,63.01,65.641276595744685,-0.040085701135118758,-0.023829787234049604
2014-10-13,64.15,64.55,63.80,64.00,19537000,62.48,65.665106382978735,-0.048505310634878673,-0.025957446808504869
2014-10-09,66.10,66.45,65.70,66.00,14961000,64.43,65.69106382978724,-0.019196885485897864,-0.012340425531917276
2014-10-08,65.80,66.05,65.70,65.70,8063000,64.13,65.703404255319157,-0.023947073567223622,-0.021914893617022813
2014-10-07,66.25,66.25,65.70,66.10,11298000,64.52,65.72531914893618,-0.018338734060840127,-0.036382978723395354
2014-10-06,66.65,66.70,66.15,66.65,6616000,65.06,65.761702127659575,-0.010670376601527086,-0.016595744680842017
2014-10-03,65.80,66.70,65.60,66.70,16216000,65.11,65.778297872340417,-0.010159853537673173,-0.016595744680842017
2014-10-02,65.00,65.75,64.90,65.50,11479000,63.94,65.794893617021259,-0.028192060432808374,-0.044680851063830573
2014-10-01,65.05,65.65,64.85,65.50,17471000,63.94,65.83957446808509,-0.028851560530754751,-0.060212765957459169
2014-09-30,65.30,65.65,64.65,65.30,20630000,63.74,65.899787234042549,-0.032773811945281103,-0.058297872340418166
2014-09-29,65.65,65.70,65.20,65.40,17132000,63.84,65.958085106382967,-0.032112592458782431,-0.043617021276602941
2014-09-26,65.50,65.85,65.25,65.60,23158000,64.04,66.00170212765957,-0.029721992985351602,-0.039361702127663989
2014-09-25,66.70,66.85,65.70,65.95,23032000,64.38,66.041063829787234,-0.025151984741924014,-0.032127659574470613
2014-09-24,66.55,66.80,66.30,66.55,25167000,64.96,66.073191489361704,-0.016847854088309678,-0.037446808510637197
2014-09-23,66.90,67.00,66.65,66.80,14754000,65.21,66.110638297872342,-0.013623197734294655,-0.044680851063816363
2014-09-22,67.35,67.35,66.55,66.95,27031000,65.35,66.155319148936158,-0.012173157945518188,-0.036382978723395354
2014-09-19,68.20,68.25,67.85,68.00,12106000,66.38,66.191702127659553,0.0028447353110407163,-0.0061702127659657435
2014-09-18,67.70,68.05,67.60,67.85,16226000,66.23,66.197872340425519,0.00048532767653417766,-0.010425531914890485
2014-09-17,67.50,68.20,67.45,67.70,16509000,66.09,66.20829787234041,-0.0017867529621211889,-0.0029787234042544242
2014-09-16,67.65,67.65,67.15,67.20,17987000,65.60,66.211276595744664,-0.0092322128068431757,-0.011489361702132328
2014-09-15,67.15,67.75,67.15,67.75,13108000,66.14,66.222765957446796,-0.0012498112431603853,0.0031914893617113194
2014-09-12,68.40,68.40,67.60,67.75,19493000,66.14,66.219574468085085,-0.0012016759202135296,0.0010638297872276326
2014-09-11,68.70,68.70,68.40,68.40,8664000,66.77,66.218510638297857,0.0083283262698932038,0.014468085106386752
2014-09-10,68.95,68.95,68.05,68.65,17836000,67.01,66.204042553191471,0.012173840383855562,0.032127659574456402
2014-09-09,69.40,69.50,69.25,69.25,7405000,67.60,66.171914893617014,0.021581438419590517,0.056170212765962901
2014-09-05,69.30,69.30,68.65,69.00,7386000,67.36,66.115744680851051,0.018819349689776978,0.063404255319142067
2014-09-04,69.00,69.15,68.80,69.00,5373000,67.36,66.052340425531909,0.019797323850202688,0.075957446808502027
2014-09-03,68.90,69.45,68.85,69.25,6859000,67.60,65.976382978723407,0.024609063849410841,0.081063829787225927
2014-09-02,69.70,69.70,68.60,68.75,17711000,67.11,65.895319148936181,0.018433492192645794,0.085106382978722195
2014-09-01,69.25,69.95,69.25,69.80,5257000,68.14,65.810212765957459,0.035401606166022032,0.10382978723403369
2014-08-29,69.05,69.30,68.85,69.20,2404000,67.55,65.706382978723425,0.028058415905705212,0.093404255319157414
2014-08-28,69.25,69.45,69.20,69.35,3864000,67.70,65.612978723404268,0.031808055619509473,0.09553191489362689
2014-08-27,68.95,69.40,68.95,69.25,7577000,67.60,65.517446808510641,0.03178623852019264,0.089361702127646936
2014-08-26,68.60,68.80,68.55,68.60,1728000,66.97,65.428085106382994,0.023566560004162178,0.08531914893617909
2014-08-25,68.75,68.90,68.60,68.65,2943000,67.01,65.342765957446815,0.025515204600291073,0.089148936170204252
2014-08-22,68.10,68.95,68.10,68.75,7520000,67.11,65.253617021276611,0.028448736843477901,0.10063829787232237
2014-08-21,68.00,68.10,67.80,67.90,3043000,66.28,65.152978723404289,0.017298077519683125,0.084042553191494562
2014-08-20,67.70,68.05,67.70,68.00,8450000,66.38,65.068936170212794,0.020148843779428181,0.08297872340426693
2014-08-19,67.30,67.75,67.00,67.75,6633000,66.14,64.985957446808527,0.017758337316735939,0.074893617021274395
2014-08-18,67.10,67.10,66.60,66.90,2411000,65.31,64.911063829787253,0.0061458886463308972,0.056170212765962901
2014-08-15,67.10,67.25,66.75,67.10,3883000,65.50,64.85489361702129,0.0099469191451946326,0.068510638297865967
2014-08-14,67.00,67.25,66.95,67.10,5964000,65.50,64.786382978723424,0.011014923020334938,0.073617021276589867
2014-08-13,66.15,66.75,66.05,66.75,5189000,65.16,64.712765957446834,0.0069110636199239319,0.069574468085122021
2014-08-12,66.00,66.30,65.85,66.10,4354000,64.52,64.643191489361712,-0.0019057148405488211,0.055957446808506006
2014-08-11,66.00,66.15,65.75,66.05,8071000,64.48,64.587234042553206,-0.0016602977994467282,0.060212765957459169
2014-08-08,65.45,65.70,65.05,65.70,14238000,64.13,64.527021276595747,-0.0061527910128365516,0.053829787234050741
2014-08-07,65.75,65.90,65.40,65.70,5990000,64.13,64.473191489361696,-0.0053230107186229229,0.047659574468084998
2014-08-06,65.30,65.75,65.05,65.70,6844000,64.13,64.425531914893611,-0.0045871862615587617,0.041489361702133465
2014-08-05,66.40,66.40,65.10,65.25,19556000,63.70,64.384042553191478,-0.010624411361345423,0.044680851063830573
2014-08-04,66.20,66.70,66.10,66.60,3741000,65.01,64.339361702127647,0.01042345276872992,0.073617021276589867
2014-07-31,67.85,67.85,66.60,66.75,11115000,65.16,64.265744680851057,0.013914960817615738,0.083191489361709614
2014-07-30,67.45,67.95,67.45,67.85,2795000,66.23,64.182553191489347,0.031900363988357966,0.10787234042552996
2014-07-29,67.75,67.95,67.20,67.45,7197000,65.84,64.074680851063817,0.027550962806034432,0.11723404255319991
2014-07-28,67.45,67.80,67.30,67.50,2758000,65.89,63.957446808510618,0.030216234198270468,0.1121276595744547
2014-07-25,68.40,68.40,67.45,67.65,5538000,66.04,63.845319148936163,0.034374968757602535,0.12042553191488992
2014-07-24,68.30,68.40,68.10,68.40,3821000,66.77,63.724893617021273,0.047785193668261505,0.13595744680851141
2014-07-22,67.70,68.20,67.50,68.10,4145000,66.48,63.588936170212762,0.045464887508866923,0.13191489361701514
2014-07-21,67.75,67.95,67.50,67.50,5298000,65.89,63.457021276595746,0.038340575628336128,0.11829787234043465
2014-07-18,67.05,67.60,67.00,67.50,6363000,65.89,63.338723404255312,0.040279886594198157,0.12553191489360671
2014-07-17,67.95,68.00,67.30,67.50,7991000,65.89,63.213191489361705,0.04234572638353154,0.13191489361702935
2014-07-16,68.95,69.00,68.10,68.35,4990000,66.72,63.081276595744676,0.057683097118880811,0.14319148936169057
2014-07-15,68.95,69.05,68.75,68.95,3949000,67.31,62.938085106382985,0.069463741806368232,0.14744680851063663
2014-07-14,68.25,68.80,68.25,68.70,3069000,67.06,62.790638297872349,0.06799360251562088,0.15148936170212579
2014-07-11,68.35,68.70,68.15,68.30,7792000,66.67,62.639148936170223,0.064350348500699581,0.14021276595745746
2014-07-10,67.80,68.45,67.80,68.35,5618000,66.72,62.498936170212765,0.06753817086248276,0.14851063829787847
2014-07-09,67.65,67.85,67.50,67.85,3125000,66.23,62.350425531914887,0.062222100891666021,0.1359574468085043
2014-07-08,67.80,67.90,67.60,67.75,5499000,66.14,62.214468085106382,0.063096768898251776,0.14021276595744325
2014-07-07,67.50,67.70,67.30,67.60,5504000,65.99,62.074255319148939,0.06308162153083631,0.12978723404255277
2014-07-04,67.80,67.90,67.35,67.70,7063000,66.09,61.944468085106386,0.066923359632340557,0.13404255319149172
2014-07-03,67.10,67.80,66.90,67.70,8099000,66.09,61.810425531914895,0.069237097645856102,0.14553191489361694
2014-07-02,66.80,67.55,66.65,67.10,11627000,65.50,61.664893617021278,0.062192702492883618,0.11106382978723417
2014-07-01,65.95,66.75,65.85,66.55,9585000,64.96,61.553829787234044,0.055336446562945993,0.10170212765957842
2014-06-30,65.30,66.00,65.20,65.95,7569000,64.38,61.452127659574465,0.047644767592833003,0.087234042553184565
2014-06-27,65.35,65.35,64.50,65.35,9219000,63.79,61.364893617021281,0.039519442470051749,0.078936170212770662
2014-06-26,64.75,65.40,64.75,65.35,9201000,63.79,61.28595744680851,0.040858341086778403,0.078936170212763557
2014-06-25,64.65,64.80,64.60,64.65,7495000,63.11,61.207021276595746,0.031090856632356837,0.072765957446812024
2014-06-24,64.85,65.05,64.70,64.80,7955000,63.26,61.134255319148934,0.034771744086088865,0.072765957446797813
2014-06-23,64.80,65.00,64.60,64.70,13731000,63.16,61.061489361702137,0.034367170867175889,0.06957446808510781
2014-06-20,64.95,65.10,64.70,64.75,3542000,63.21,60.991914893617029,0.036366871088599005,0.076808510638301186
2014-06-19,64.65,65.05,64.55,64.95,9925000,63.40,60.915106382978728,0.040792732124582079,0.078936170212763557
2014-06-18,64.40,64.80,64.30,64.50,9523000,62.96,60.836170212765964,0.034910642464938871,0.068510638297880178
2014-06-17,63.90,64.45,63.85,64.35,3843000,62.82,60.767659574468084,0.033773563765720875,0.069574468085093599
2014-06-16,63.85,64.00,63.60,63.90,2582000,62.38,60.69808510638299,0.027709521489338428,0.064468085106398121
2014-06-13,63.90,63.90,63.70,63.85,3314000,62.33,60.633617021276592,0.027977598270743739,0.06957446808510781
2014-06-12,64.00,64.10,63.90,64.00,4496000,62.48,60.564042553191484,0.031635230510344281,0.0697872340425576
2014-06-11,64.20,64.25,64.05,64.15,5027000,62.62,60.494255319148927,0.035139612342300952,0.06957446808510781
2014-06-10,63.85,64.30,63.85,64.20,6833000,62.67,60.424680851063819,0.03715897407005754,0.07468085106383171
2014-06-09,63.60,63.85,63.60,63.80,3887000,62.28,60.349999999999987,0.031980115990058233,0.076808510638294081
2014-06-06,63.65,63.75,63.40,63.55,3478000,62.04,60.273191489361693,0.029313339263777834,0.075957446808523343
2014-06-05,63.30,63.40,63.10,63.40,1694000,61.89,60.19723404255317,0.028120327858423225,0.074680851063824605
2014-06-04,63.40,63.55,63.30,63.40,3385000,61.89,60.122553191489345,0.029397401053168289,0.076808510638286975
2014-06-03,63.15,63.45,62.80,63.15,5106000,61.65,60.045744680851058,0.026717219141434795,0.083191489361709614
2014-05-30,63.40,63.45,63.10,63.10,6686000,61.60,59.962553191489349,0.027307823322357466,0.092553191489372466
2014-05-29,63.70,63.70,63.40,63.40,9534000,61.89,59.869999999999976,0.033739769500585021,0.10170212765956421
2014-05-28,63.15,63.80,63.15,63.70,11632000,62.18,59.768297872340412,0.040350858456949232,0.10787234042552996
2014-05-27,63.05,63.20,62.95,63.10,8023000,61.60,59.660425531914882,0.032510235232022594,0.079999999999991189
2014-05-26,62.85,63.10,62.85,63.05,8636000,61.55,59.580425531914891,0.0330574085448598,0.075957446808516238
2014-05-23,62.85,62.90,62.65,62.75,13440000,61.25,59.504468085106375,0.029334467999900027,0.076808510638294081
2014-05-22,62.00,62.65,61.95,62.65,14651000,61.16,59.42765957446808,0.029150406358526393,0.072765957446819129
2014-05-21,62.00,62.20,61.75,61.80,6508000,60.33,59.354893617021261,0.016428407559290186,0.042553191489346887
2014-05-20,61.90,62.30,61.90,62.10,9938000,60.62,59.312340425531914,0.022047006830052195,0.068510638297873072
2014-05-19,61.85,62.00,61.80,61.85,7159000,60.38,59.243829787234041,0.019177865726209095,0.051914893617023949
2014-05-16,61.65,61.85,61.40,61.85,9113000,60.38,59.191914893617017,0.020071746428853964,0.058297872340425272
2014-05-15,61.75,61.85,61.55,61.75,8894000,60.28,59.133617021276592,0.019386315880371978,0.04893617021276242
2014-05-14,61.60,61.80,61.45,61.80,10731000,60.33,59.08468085106383,0.021076853272259766,0.055106382978735269
2014-05-13,61.60,61.75,61.35,61.45,5607000,59.99,59.029574468085094,0.016270243188593048,0.065531914893618648
2014-05-12,61.50,61.50,61.10,61.15,3929000,59.69,58.964042553191476,0.012311866951008922,0.071489361702127496
2014-05-09,61.70,61.85,61.45,61.45,3930000,59.99,58.892553191489348,0.018634729673585409,0.072765957446812024
2014-05-08,61.60,61.85,61.40,61.85,3805000,60.38,58.819787234042536,0.026525304482136542,0.073829787234046762
2014-05-07,61.50,61.60,61.20,61.40,7874000,59.94,58.74595744680849,0.020325527152615628,0.062340425531907329
2014-05-06,61.50,61.75,61.10,61.55,10308000,60.08,58.683617021276582,0.023795107554756511,0.070638297872328337
2014-05-05,61.55,61.60,61.00,61.20,6838000,59.74,58.612978723404254,0.019228186335899813,0.068510638297865967
2014-05-02,61.15,61.65,61.15,61.30,7623000,59.84,58.544468085106388,0.022129023582728505,0.064468085106391015
2014-04-30,61.40,61.45,60.80,61.00,5569000,59.55,58.479999999999997,0.018296853625171004,0.069574468085100705
2014-04-29,61.25,61.50,61.10,61.35,6500000,59.89,58.410425531914896,0.025330657234754764,0.066595744680846281
2014-04-28,60.30,61.50,60.30,61.25,8466000,59.79,58.34382978723405,0.024787029203255685,0.064468085106376805
2014-04-25,61.65,61.80,60.60,60.70,22883000,59.25,58.279361702127673,0.016654923278559015,0.057021276595733639
2014-04-24,61.70,61.80,61.60,61.75,4513000,60.28,58.222340425531939,0.035341409490397727,0.078936170212763557
2014-04-23,61.85,62.05,61.50,61.65,5477000,60.18,58.143404255319176,0.035027115642175498,0.088297872340419303
2014-04-22,61.55,61.95,61.55,61.75,9125000,60.28,58.055106382978757,0.038323822926859083,0.087234042553198776
2014-04-21,61.45,61.65,61.45,61.55,3394000,60.08,57.967872340425558,0.036436177045978756,0.095531914893612679
2014-04-18,61.75,61.90,61.50,61.55,7055000,60.08,57.872340425531945,0.03814705882352884,0.10276595744680606
2014-04-17,61.30,61.40,61.10,61.15,3526000,59.69,57.769574468085139,0.033242854038604691,0.094468085106385047
2014-04-16,61.35,61.50,61.10,61.30,7041000,59.84,57.675106382978754,0.037536014283974677,0.10999999999999943
2014-04-15,61.20,61.45,61.20,61.35,13882000,59.89,57.565106382978755,0.040387202649358543,0.11531914893617312
2014-04-14,61.10,61.20,60.90,61.05,13386000,59.60,57.449787234042581,0.037427688934647346,0.071702127659584391
2014-04-11,60.80,61.15,60.80,61.15,14992000,59.69,57.378085106382997,0.040292646388086113,0.051914893617023949
2014-04-10,61.25,61.30,60.90,61.20,13453000,59.74,57.326170212765973,0.042106943099026226,0.055957446808513112
2014-04-09,60.80,61.10,60.80,61.00,12051000,59.55,57.27021276595746,0.039807556562766737,0.048936170212769525
2014-04-08,60.45,60.90,60.45,60.80,13990000,59.35,57.22127659574469,0.037201606306239157,0.046808510638300049
2014-04-07,60.40,60.50,60.30,60.50,11366000,59.06,57.17446808510639,0.032978565049121666,0.035319148936167721
2014-04-03,60.80,60.95,60.65,60.65,12604000,59.20,57.139148936170223,0.036067234150301115,0.041489361702133465
2014-04-02,60.80,61.15,60.80,60.80,19084000,59.35,57.097659574468089,0.03944715847055618,0.046808510638292944
2014-04-01,60.25,60.60,60.20,60.60,28803000,59.16,57.050851063829796,0.036969631422508253,0.045744680851065311
2014-03-31,60.05,60.15,59.90,60.10,17122000,58.67,57.005106382978731,0.029206043504874411,0.047872340425534787
2014-03-28,59.85,60.10,59.80,59.90,20135000,58.47,56.957234042553196,0.026559680835565213,0.041489361702126359
2014-03-27,59.50,59.85,59.45,59.80,11221000,58.38,56.91574468085107,0.025726718105149766,0.046808510638292944
2014-03-26,59.45,59.70,59.35,59.70,9956000,58.28,56.868936170212777,0.024812558926085932,0.044680851063837679
2014-03-25,58.50,59.15,58.50,59.15,4869000,57.74,56.824255319148939,0.01611538375131984,0.028085106382981451
2014-03-24,58.45,58.65,58.25,58.65,11333000,57.25,56.796170212765958,0.0079904998089472563,0.019574468085103547
2014-03-21,58.65,58.65,58.40,58.50,4128000,57.11,56.776595744680854,0.0058722128536630403,0.016595744680856228
2014-03-20,58.70,58.70,58.30,58.50,18453000,57.11,56.759999999999998,0.0061663143058492149,0.013617021276601804
2014-03-19,59.40,59.45,58.95,59.25,9829000,57.84,56.746382978723396,0.019272012838010312,0.014680851063822331
2014-03-18,59.40,59.50,59.20,59.40,14826000,57.98,56.731702127659574,0.022003532866534857,0
2014-03-17,59.15,59.20,58.90,59.05,8939000,57.64,0,0,0
2014-03-14,59.15,59.30,59.10,59.15,13438000,57.74,0,0,0
2014-03-13,59.25,59.80,59.25,59.75,25655000,58.33,0,0,0
2014-03-12,58.85,59.00,58.75,58.80,2660000,57.40,0,0,0
2014-03-11,59.25,59.45,59.15,59.35,4947000,57.94,0,0,0
2014-03-10,59.30,59.40,58.95,59.05,7894000,57.64,0,0,0
2014-03-07,59.30,59.80,59.30,59.40,30371000,57.98,0,0,0
2014-03-06,58.35,59.20,58.35,59.15,26212000,57.74,0,0,0
2014-03-05,58.20,58.45,58.20,58.30,6889000,56.91,0,0,0
2014-03-04,57.90,58.00,57.70,57.70,6154000,56.33,0,0,0
2014-03-03,57.80,58.15,57.50,57.95,7994000,56.57,0,0,0
2014-02-27,58.30,58.45,58.30,58.30,3660000,56.91,0,0,0
2014-02-26,58.00,58.50,57.95,58.40,8945000,57.01,0,0,0
2014-02-25,58.25,58.25,57.95,58.15,8614000,56.76,0,0,0
2014-02-24,58.40,58.45,57.80,57.90,7356000,56.52,0,0,0
2014-02-21,58.40,58.45,58.20,58.20,17229000,56.81,0,0,0
2014-02-20,58.05,58.05,57.60,57.65,13707000,56.28,0,0,0
2014-02-19,58.10,58.20,58.05,58.15,13350000,56.76,0,0,0
2014-02-18,57.95,58.15,57.80,58.15,13057000,56.76,0,0,0
2014-02-17,58.10,58.25,57.95,57.95,15396000,56.57,0,0,0
2014-02-14,57.70,58.20,57.70,57.95,22295000,56.57,0,0,0
2014-02-13,57.45,57.55,57.35,57.40,8206000,56.03,0,0,0
2014-02-12,57.15,57.55,57.15,57.55,18559000,56.18,0,0,0
2014-02-11,56.60,56.95,56.60,56.95,5528000,55.59,0,0,0
2014-02-10,56.90,56.90,56.60,56.60,5995000,55.25,0,0,0
2014-02-07,56.40,56.70,56.30,56.60,15933000,55.25,0,0,0
2014-02-06,55.95,56.20,55.80,56.00,12833000,54.67,0,0,0
2014-02-05,56.40,56.40,55.60,55.80,57509000,54.47,0,0,0
2014-01-27,58.10,58.20,57.45,57.60,21287000,56.23,0,0,0
2014-01-24,58.30,58.80,58.30,58.65,10684000,57.25,0,0,0
2014-01-23,58.60,58.75,58.35,58.50,6894000,57.11,0,0,0
2014-01-22,58.45,58.65,58.35,58.65,6824000,57.25,0,0,0
2014-01-21,58.75,58.85,58.50,58.55,6938000,57.15,0,0,0
2014-01-20,58.40,58.80,58.40,58.80,5614000,57.40,0,0,0
2014-01-17,58.60,58.70,58.30,58.65,8158000,57.25,0,0,0
2014-01-16,58.50,58.75,58.50,58.55,12758000,57.15,0,0,0
2014-01-15,57.95,58.45,57.95,58.40,11646000,57.01,0,0,0
2014-01-14,57.70,57.85,57.60,57.80,4248000,56.42,0,0,0
2014-01-13,58.00,58.20,57.80,57.90,6155000,56.52,0,0,0
2014-01-10,57.50,57.65,57.50,57.55,4730000,56.18,0,0,0
2014-01-09,57.65,57.80,57.40,57.55,8548000,56.18,0,0,0
2014-01-08,57.70,57.95,57.70,57.80,7596000,56.42,0,0,0
2014-01-07,57.75,57.90,57.70,57.70,13118000,56.33,0,0,0
2014-01-06,57.75,57.95,57.55,57.70,14836000,56.33,0,0,0
2014-01-03,58.45,58.45,57.70,57.85,14494000,56.47,0,0,0
2014-01-02,58.70,58.75,58.35,58.55,10743000,57.15,0,0,0
