date,,,,close
2006/7/11,,,,7.36
2006/7/12,,,,7.35
2006/7/13,,,,7.33
2006/7/14,,,,7.33
2006/7/17,,,,7.32
2006/7/18,,,,7.33
2006/7/19,,,,7.36
2006/7/20,,,,7.38
2006/7/21,,,,7.39
2006/7/24,,,,7.4
2006/7/25,,,,7.4
2006/7/26,,,,7.42
2006/7/27,,,,7.44
2006/7/28,,,,7.45
2006/7/31,,,,7.45
2006/8/1,,,,7.45
2006/8/2,,,,7.46
2006/8/3,,,,7.47
2006/8/4,,,,7.5
2006/8/7,,,,7.51
2006/8/8,,,,7.52
2006/8/9,,,,7.53
2006/8/10,,,,7.53
2006/8/11,,,,7.53
2006/8/14,,,,7.53
2006/8/15,,,,7.53
2006/8/16,,,,7.56
2006/8/17,,,,7.58
2006/8/18,,,,7.57
2006/8/21,,,,7.57
2006/8/22,,,,7.57
2006/8/23,,,,7.56
2006/8/24,,,,7.54
2006/8/25,,,,7.54
2006/8/28,,,,7.55
2006/8/29,,,,7.55
2006/8/30,,,,7.57
2006/8/31,,,,7.58
2006/9/1,,,,7.59
2006/9/4,,,,7.59
2006/9/5,,,,7.61
2006/9/6,,,,7.59
2006/9/7,,,,7.58
2006/9/8,,,,7.59
2006/9/11,,,,7.58
2006/9/12,,,,7.59
2006/9/13,,,,7.6
2006/9/14,,,,7.6
2006/9/15,,,,7.61
2006/9/18,,,,7.62
2006/9/19,,,,7.61
2006/9/20,,,,7.61
2006/9/21,,,,7.59
2006/9/22,,,,7.58
2006/9/25,,,,7.58
2006/9/26,,,,7.6
2006/9/27,,,,7.62
2006/9/28,,,,7.62
2006/9/29,,,,7.62
2006/10/2,,,,7.63
2006/10/3,,,,7.63
2006/10/4,,,,7.65
2006/10/5,,,,7.66
2006/10/6,,,,7.66
2006/10/9,,,,7.66
2006/10/10,,,,7.67
2006/10/11,,,,7.66
2006/10/12,,,,7.69
2006/10/13,,,,7.71
2006/10/16,,,,7.71
2006/10/17,,,,7.71
2006/10/18,,,,7.73
2006/10/19,,,,7.74
2006/10/20,,,,7.75
2006/10/23,,,,7.73
2006/10/24,,,,7.72
2006/10/25,,,,7.74
2006/10/26,,,,7.77
2006/10/27,,,,7.78
2006/10/30,,,,7.77
2006/10/31,,,,7.79
2006/11/1,,,,7.79
2006/11/2,,,,7.8
2006/11/3,,,,7.81
2006/11/6,,,,7.82
2006/11/7,,,,7.84
2006/11/8,,,,7.84
2006/11/9,,,,7.85
2006/11/10,,,,7.87
2006/11/13,,,,7.86
2006/11/14,,,,7.88
2006/11/15,,,,7.88
2006/11/16,,,,7.88
2006/11/17,,,,7.88
2006/11/20,,,,7.87
2006/11/21,,,,7.87
2006/11/22,,,,7.87
2006/11/23,,,,7.87
2006/11/24,,,,7.88
2006/11/27,,,,7.86
2006/11/28,,,,7.87
2006/11/29,,,,7.88
2006/11/30,,,,7.91
2006/12/1,,,,7.91
2006/12/4,,,,7.93
2006/12/5,,,,7.95
2006/12/6,,,,7.96
2006/12/7,,,,7.98
2006/12/8,,,,7.98
2006/12/11,,,,7.99
2006/12/12,,,,8
2006/12/13,,,,8
2006/12/14,,,,8
2006/12/15,,,,8.01
2006/12/18,,,,8.02
2006/12/19,,,,8.01
2006/12/20,,,,8.03
2006/12/21,,,,8.03
2006/12/22,,,,8.04
2006/12/25,,,,8.04
2006/12/26,,,,8.04
2006/12/27,,,,8.04
2006/12/28,,,,8.04
2006/12/29,,,,8.05
2007/1/1,,,,8.05
2007/1/2,,,,8.06
2007/1/3,,,,8.08
2007/1/4,,,,8.07
2007/1/5,,,,8.05
2007/1/8,,,,8.06
2007/1/9,,,,8.04
2007/1/10,,,,8.04
2007/1/11,,,,8.05
2007/1/12,,,,8.06
2007/1/15,,,,8.06
2007/1/16,,,,8.07
2007/1/17,,,,8.09
2007/1/18,,,,8.09
2007/1/19,,,,8.11
2007/1/22,,,,8.11
2007/1/23,,,,8.11
2007/1/24,,,,8.12
2007/1/25,,,,8.1
2007/1/26,,,,8.09
2007/1/29,,,,8.08
2007/1/30,,,,8.08
2007/1/31,,,,8.1
2007/2/1,,,,8.13
2007/2/2,,,,8.14
2007/2/5,,,,8.15
2007/2/6,,,,8.17
2007/2/7,,,,8.17
2007/2/8,,,,8.17
2007/2/9,,,,8.16
2007/2/12,,,,8.15
2007/2/13,,,,8.17
2007/2/14,,,,8.2
2007/2/15,,,,8.21
2007/2/16,,,,8.22
2007/2/19,,,,8.23
2007/2/20,,,,8.23
2007/2/21,,,,8.24
2007/2/22,,,,8.25
2007/2/23,,,,8.24
2007/2/26,,,,8.25
2007/2/27,,,,8.19
2007/2/28,,,,8.2
2007/3/1,,,,8.18
2007/3/2,,,,8.16
2007/3/5,,,,8.14
2007/3/6,,,,8.16
2007/3/7,,,,8.19
2007/3/8,,,,8.2
2007/3/9,,,,8.21
2007/3/12,,,,8.22
2007/3/13,,,,8.2
2007/3/14,,,,8.2
2007/3/15,,,,8.22
2007/3/16,,,,8.21
2007/3/19,,,,8.23
2007/3/20,,,,8.24
2007/3/21,,,,8.26
2007/3/22,,,,8.27
2007/3/23,,,,8.27
2007/3/26,,,,8.27
2007/3/27,,,,8.27
2007/3/28,,,,8.25
2007/3/29,,,,8.27
2007/3/30,,,,8.27
2007/4/2,,,,8.27
2007/4/3,,,,8.29
2007/4/4,,,,8.29
2007/4/5,,,,8.3
2007/4/6,,,,8.3
2007/4/9,,,,8.3
2007/4/10,,,,8.31
2007/4/11,,,,8.31
2007/4/12,,,,8.31
2007/4/13,,,,8.32
2007/4/16,,,,8.34
2007/4/17,,,,8.35
2007/4/18,,,,8.37
2007/4/19,,,,8.38
2007/4/20,,,,8.41
2007/4/23,,,,8.41
2007/4/24,,,,8.42
2007/4/25,,,,8.43
2007/4/26,,,,8.43
2007/4/27,,,,8.42
2007/4/30,,,,8.42
2007/5/1,,,,8.42
2007/5/2,,,,8.44
2007/5/3,,,,8.44
2007/5/4,,,,8.46
2007/5/7,,,,8.47
2007/5/8,,,,8.48
2007/5/9,,,,8.49
2007/5/10,,,,8.48
2007/5/11,,,,8.49
2007/5/14,,,,8.51
2007/5/15,,,,8.52
2007/5/16,,,,8.53
2007/5/17,,,,8.53
2007/5/18,,,,8.54
2007/5/21,,,,8.55
2007/5/22,,,,8.56
2007/5/23,,,,8.55
2007/5/24,,,,8.53
2007/5/25,,,,8.54
2007/5/28,,,,8.54
2007/5/29,,,,8.55
2007/5/30,,,,8.55
2007/5/31,,,,8.57
2007/6/1,,,,8.58
2007/6/4,,,,8.58
2007/6/5,,,,8.56
2007/6/6,,,,8.54
2007/6/7,,,,8.49
2007/6/8,,,,8.47
2007/6/11,,,,8.47
2007/6/12,,,,8.45
2007/6/13,,,,8.43
2007/6/14,,,,8.45
2007/6/15,,,,8.49
2007/6/18,,,,8.51
2007/6/19,,,,8.53
2007/6/20,,,,8.51
2007/6/21,,,,8.49
2007/6/22,,,,8.47
2007/6/25,,,,8.45
2007/6/26,,,,8.43
2007/6/27,,,,8.42
2007/6/28,,,,8.44
2007/6/29,,,,8.44
2007/7/2,,,,8.47
2007/7/3,,,,8.47
2007/7/4,,,,8.47
2007/7/5,,,,8.46
2007/7/6,,,,8.47
2007/7/9,,,,8.48
2007/7/10,,,,8.46
2007/7/11,,,,8.45
2007/7/12,,,,8.47
2007/7/13,,,,8.49
2007/7/16,,,,8.49
2007/7/17,,,,8.49
2007/7/18,,,,8.48
2007/7/19,,,,8.48
2007/7/20,,,,8.46
2007/7/23,,,,8.46
2007/7/24,,,,8.41
2007/7/25,,,,8.38
2007/7/26,,,,8.24
2007/7/27,,,,8.21
2007/7/30,,,,8.2
2007/7/31,,,,8.24
2007/8/1,,,,8.21
2007/8/2,,,,8.25
2007/8/3,,,,8.24
2007/8/6,,,,8.22
2007/8/7,,,,8.25
2007/8/8,,,,8.32
2007/8/9,,,,8.26
2007/8/10,,,,8.24
2007/8/13,,,,8.25
2007/8/14,,,,8.2
2007/8/15,,,,8.2
2007/8/16,,,,8.01
2007/8/17,,,,8.08
2007/8/20,,,,8.06
2007/8/21,,,,8.06
2007/8/22,,,,8.12
2007/8/23,,,,8.14
2007/8/24,,,,8.18
2007/8/27,,,,8.18
2007/8/28,,,,8.15
2007/8/29,,,,8.18
2007/8/30,,,,8.18
2007/8/31,,,,8.2
2007/9/3,,,,8.21
2007/9/4,,,,8.23
2007/9/5,,,,8.21
2007/9/6,,,,8.23
2007/9/7,,,,8.22
2007/9/10,,,,8.22
2007/9/11,,,,8.25
2007/9/12,,,,8.27
2007/9/13,,,,8.3
2007/9/14,,,,8.31
2007/9/17,,,,8.3
2007/9/18,,,,8.38
2007/9/19,,,,8.45
2007/9/20,,,,8.45
2007/9/21,,,,8.5
2007/9/24,,,,8.51
2007/9/25,,,,8.51
2007/9/26,,,,8.52
2007/9/27,,,,8.53
2007/9/28,,,,8.54
2007/10/1,,,,8.56
2007/10/2,,,,8.56
2007/10/3,,,,8.54
2007/10/4,,,,8.56
2007/10/5,,,,8.6
2007/10/8,,,,8.59
2007/10/9,,,,8.62
2007/10/10,,,,8.64
2007/10/11,,,,8.66
2007/10/12,,,,8.67
2007/10/15,,,,8.64
2007/10/16,,,,8.62
2007/10/17,,,,8.63
2007/10/18,,,,8.64
2007/10/19,,,,8.61
2007/10/22,,,,8.58
2007/10/23,,,,8.62
2007/10/24,,,,8.6
2007/10/25,,,,8.63
2007/10/26,,,,8.65
2007/10/29,,,,8.67
2007/10/30,,,,8.68
2007/10/31,,,,8.71
2007/11/1,,,,8.71
2007/11/2,,,,8.68
2007/11/5,,,,8.65
2007/11/6,,,,8.67
2007/11/7,,,,8.64
2007/11/8,,,,8.6
2007/11/9,,,,8.58
2007/11/12,,,,8.54
2007/11/13,,,,8.56
2007/11/14,,,,8.58
2007/11/15,,,,8.54
2007/11/16,,,,8.52
2007/11/19,,,,8.48
2007/11/20,,,,8.47
2007/11/21,,,,8.41
2007/11/22,,,,8.41
2007/11/23,,,,8.41
2007/11/26,,,,8.39
2007/11/27,,,,8.39
2007/11/28,,,,8.44
2007/11/29,,,,8.45
2007/11/30,,,,8.49
2007/12/3,,,,8.49
2007/12/4,,,,8.48
2007/12/5,,,,8.5
2007/12/6,,,,8.52
2007/12/7,,,,8.54
2007/12/10,,,,8.55
2007/12/11,,,,8.55
2007/12/12,,,,8.56
2007/12/13,,,,8.54
2007/12/14,,,,8.51
2007/12/17,,,,8.49
2007/12/18,,,,8.49
2007/12/19,,,,8.49
2007/12/20,,,,8.49
2007/12/21,,,,8.5
2007/12/24,,,,8.51
2007/12/25,,,,8.51
2007/12/26,,,,8.51
2007/12/27,,,,8.52
2007/12/28,,,,8.52
2007/12/31,,,,8.52
2008/1/1,,,,8.52
2008/1/2,,,,8.53
2008/1/3,,,,8.52
2008/1/4,,,,8.5
2008/1/7,,,,8.48
2008/1/8,,,,8.48
2008/1/9,,,,8.44
2008/1/10,,,,8.46
2008/1/11,,,,8.47
2008/1/14,,,,8.46
2008/1/15,,,,8.44
2008/1/16,,,,8.4
2008/1/17,,,,8.38
2008/1/18,,,,8.37
2008/1/21,,,,8.33
2008/1/22,,,,8.31
2008/1/23,,,,8.3
2008/1/24,,,,8.35
2008/1/25,,,,8.37
2008/1/28,,,,8.38
2008/1/29,,,,8.4
2008/1/30,,,,8.4
2008/1/31,,,,8.39
2008/2/1,,,,8.4
2008/2/4,,,,8.41
2008/2/5,,,,8.37
2008/2/6,,,,8.35
2008/2/7,,,,8.32
2008/2/8,,,,8.29
2008/2/11,,,,8.26
2008/2/12,,,,8.26
2008/2/13,,,,8.27
2008/2/14,,,,8.27
2008/2/15,,,,8.27
2008/2/18,,,,8.28
2008/2/19,,,,8.27
2008/2/20,,,,8.24
2008/2/21,,,,8.26
2008/2/22,,,,8.28
2008/2/25,,,,8.3
2008/2/26,,,,8.34
2008/2/27,,,,8.36
2008/2/28,,,,8.35
2008/2/29,,,,8.31
2008/3/3,,,,8.3
2008/3/4,,,,8.29
2008/3/5,,,,8.3
2008/3/6,,,,8.27
2008/3/7,,,,8.26
2008/3/10,,,,8.24
2008/3/11,,,,8.26
2008/3/12,,,,8.27
2008/3/13,,,,8.25
2008/3/14,,,,8.23
2008/3/17,,,,8.18
2008/3/18,,,,8.22
2008/3/19,,,,8.21
2008/3/20,,,,8.21
2008/3/21,,,,8.21
2008/3/24,,,,8.21
2008/3/25,,,,8.26
2008/3/26,,,,8.26
2008/3/27,,,,8.26
2008/3/28,,,,8.25
2008/3/31,,,,8.23
2008/4/1,,,,8.24
2008/4/2,,,,8.27
2008/4/3,,,,8.29
2008/4/4,,,,8.33
2008/4/7,,,,8.37
2008/4/8,,,,8.37
2008/4/9,,,,8.37
2008/4/10,,,,8.37
2008/4/11,,,,8.37
2008/4/14,,,,8.37
2008/4/15,,,,8.37
2008/4/16,,,,8.39
2008/4/17,,,,8.39
2008/4/18,,,,8.42
2008/4/21,,,,8.42
2008/4/22,,,,8.43
2008/4/23,,,,8.44
2008/4/24,,,,8.43
2008/4/25,,,,8.43
2008/4/28,,,,8.44
2008/4/29,,,,8.44
2008/4/30,,,,8.47
2008/5/1,,,,8.47
2008/5/2,,,,8.51
2008/5/5,,,,8.52
2008/5/6,,,,8.51
2008/5/7,,,,8.5
2008/5/8,,,,8.49
2008/5/9,,,,8.48
2008/5/12,,,,8.48
2008/5/13,,,,8.47
2008/5/14,,,,8.47
2008/5/15,,,,8.49
2008/5/16,,,,8.53
2008/5/19,,,,8.55
2008/5/20,,,,8.55
2008/5/21,,,,8.55
2008/5/22,,,,8.53
2008/5/23,,,,8.52
2008/5/26,,,,8.52
2008/5/27,,,,8.5
2008/5/28,,,,8.49
2008/5/29,,,,8.5
2008/5/30,,,,8.51
2008/6/2,,,,8.5
2008/6/3,,,,8.5
2008/6/4,,,,8.5
2008/6/5,,,,8.51
2008/6/6,,,,8.51
2008/6/9,,,,8.5
2008/6/10,,,,8.45
2008/6/11,,,,8.44
2008/6/12,,,,8.42
2008/6/13,,,,8.42
2008/6/16,,,,8.42
2008/6/17,,,,8.43
2008/6/18,,,,8.42
2008/6/19,,,,8.4
2008/6/20,,,,8.39
2008/6/23,,,,8.39
2008/6/24,,,,8.32
2008/6/25,,,,8.31
2008/6/26,,,,8.27
2008/6/27,,,,8.25
2008/6/30,,,,8.24
2008/7/1,,,,8.22
2008/7/2,,,,8.21
2008/7/3,,,,8.2
2008/7/4,,,,8.2
2008/7/7,,,,8.21
2008/7/8,,,,8.19
2008/7/9,,,,8.21
2008/7/10,,,,8.19
2008/7/11,,,,8.17
2008/7/14,,,,8.17
2008/7/15,,,,8.14
2008/7/16,,,,8.14
2008/7/17,,,,8.16
2008/7/18,,,,8.18
2008/7/21,,,,8.19
2008/7/22,,,,8.19
2008/7/23,,,,8.21
2008/7/24,,,,8.21
2008/7/25,,,,8.21
2008/7/28,,,,8.21
2008/7/29,,,,8.2
2008/7/30,,,,8.21
2008/7/31,,,,8.22
2008/8/1,,,,8.22
2008/8/4,,,,8.22
2008/8/5,,,,8.23
2008/8/6,,,,8.22
2008/8/7,,,,8.21
2008/8/8,,,,8.19
2008/8/11,,,,8.18
2008/8/12,,,,8.19
2008/8/13,,,,8.19
2008/8/14,,,,8.2
2008/8/15,,,,8.2
2008/8/18,,,,8.21
2008/8/19,,,,8.2
2008/8/20,,,,8.2
2008/8/21,,,,8.19
2008/8/22,,,,8.19
2008/8/25,,,,8.19
2008/8/26,,,,8.19
2008/8/27,,,,8.19
2008/8/28,,,,8.19
2008/8/29,,,,8.21
2008/9/1,,,,8.21
2008/9/2,,,,8.2
2008/9/3,,,,8.19
2008/9/4,,,,8.17
2008/9/5,,,,8.17
2008/9/8,,,,8.18
2008/9/9,,,,8.16
2008/9/10,,,,8.14
2008/9/11,,,,8.1
2008/9/12,,,,8.1
2008/9/15,,,,8
2008/9/16,,,,7.88
2008/9/17,,,,7.79
2008/9/18,,,,7.74
2008/9/19,,,,7.84
2008/9/22,,,,7.86
2008/9/23,,,,7.81
2008/9/24,,,,7.76
2008/9/25,,,,7.71
2008/9/26,,,,7.65
2008/9/29,,,,7.55
2008/9/30,,,,7.48
2008/10/1,,,,7.42
2008/10/2,,,,7.29
2008/10/3,,,,7.24
2008/10/6,,,,7.07
2008/10/7,,,,6.97
2008/10/8,,,,6.81
2008/10/9,,,,6.69
2008/10/10,,,,6.41
2008/10/13,,,,6.39
2008/10/14,,,,6.49
2008/10/15,,,,6.34
2008/10/16,,,,6.24
2008/10/17,,,,6.18
2008/10/20,,,,6.14
2008/10/21,,,,6.08
2008/10/22,,,,5.93
2008/10/23,,,,5.8
2008/10/24,,,,5.65
2008/10/27,,,,5.58
2008/10/28,,,,5.61
2008/10/29,,,,5.68
2008/10/30,,,,5.74
2008/10/31,,,,5.77
2008/11/3,,,,5.85
2008/11/4,,,,5.97
2008/11/5,,,,6.01
2008/11/6,,,,5.98
2008/11/7,,,,5.98
2008/11/10,,,,5.98
2008/11/11,,,,5.98
2008/11/12,,,,5.89
2008/11/13,,,,5.84
2008/11/14,,,,5.8
2008/11/17,,,,5.71
2008/11/18,,,,5.61
2008/11/19,,,,5.53
2008/11/20,,,,5.43
2008/11/21,,,,5.39
2008/11/24,,,,5.4
2008/11/25,,,,5.44
2008/11/26,,,,5.49
2008/11/27,,,,5.49
2008/11/28,,,,5.51
2008/12/1,,,,5.49
2008/12/2,,,,5.49
2008/12/3,,,,5.48
2008/12/4,,,,5.49
2008/12/5,,,,5.47
2008/12/8,,,,5.47
2008/12/9,,,,5.51
2008/12/10,,,,5.54
2008/12/11,,,,5.55
2008/12/12,,,,5.51
2008/12/15,,,,5.51
2008/12/16,,,,5.52
2008/12/17,,,,5.56
2008/12/18,,,,5.62
2008/12/19,,,,5.65
2008/12/22,,,,5.65
2008/12/23,,,,5.68
2008/12/24,,,,5.7
2008/12/25,,,,5.7
2008/12/26,,,,5.7
2008/12/29,,,,5.71
2008/12/30,,,,5.75
2008/12/31,,,,5.76
2009/1/1,,,,5.76
2009/1/2,,,,5.78
2009/1/5,,,,5.84
2009/1/6,,,,5.95
2009/1/7,,,,6
2009/1/8,,,,5.99
2009/1/9,,,,6.02
2009/1/12,,,,6.03
2009/1/13,,,,6.02
2009/1/14,,,,5.98
2009/1/15,,,,5.96
2009/1/16,,,,5.97
2009/1/19,,,,5.98
2009/1/20,,,,5.96
2009/1/21,,,,5.92
2009/1/22,,,,5.92
2009/1/23,,,,5.9
2009/1/26,,,,5.91
2009/1/27,,,,5.93
2009/1/28,,,,5.96
2009/1/29,,,,5.98
2009/1/30,,,,5.98
2009/2/2,,,,5.96
2009/2/3,,,,5.97
2009/2/4,,,,5.98
2009/2/5,,,,5.98
2009/2/6,,,,5.99
2009/2/9,,,,5.99
2009/2/10,,,,5.99
2009/2/11,,,,5.97
2009/2/12,,,,5.95
2009/2/13,,,,5.94
2009/2/16,,,,5.94
2009/2/17,,,,5.88
2009/2/18,,,,5.86
2009/2/19,,,,5.86
2009/2/20,,,,5.85
2009/2/23,,,,5.83
2009/2/24,,,,5.8
2009/2/25,,,,5.8
2009/2/26,,,,5.79
2009/2/27,,,,5.78
2009/3/2,,,,5.73
2009/3/3,,,,5.7
2009/3/4,,,,5.68
2009/3/5,,,,5.66
2009/3/6,,,,5.65
2009/3/9,,,,5.63
2009/3/10,,,,5.64
2009/3/11,,,,5.67
2009/3/12,,,,5.7
2009/3/13,,,,5.73
2009/3/16,,,,5.77
2009/3/17,,,,5.77
2009/3/18,,,,5.79
2009/3/19,,,,5.85
2009/3/20,,,,5.86
2009/3/23,,,,5.89
2009/3/24,,,,5.93
2009/3/25,,,,5.94
2009/3/26,,,,5.98
2009/3/27,,,,6
2009/3/30,,,,5.96
2009/3/31,,,,5.98
2009/4/1,,,,6.01
2009/4/2,,,,6.06
2009/4/3,,,,6.11
2009/4/6,,,,6.14
2009/4/7,,,,6.15
2009/4/8,,,,6.18
2009/4/9,,,,6.23
2009/4/10,,,,6.23
2009/4/13,,,,6.23
2009/4/14,,,,6.31
2009/4/15,,,,6.36
2009/4/16,,,,6.41
2009/4/17,,,,6.45
2009/4/20,,,,6.44
2009/4/21,,,,6.42
2009/4/22,,,,6.43
2009/4/23,,,,6.45
2009/4/24,,,,6.49
2009/4/27,,,,6.49
2009/4/28,,,,6.51
2009/4/29,,,,6.56
2009/4/30,,,,6.63
2009/5/1,,,,6.63
2009/5/4,,,,6.7
2009/5/5,,,,6.76
2009/5/6,,,,6.84
2009/5/7,,,,6.93
2009/5/8,,,,6.99
2009/5/11,,,,7
2009/5/12,,,,6.99
2009/5/13,,,,6.96
2009/5/14,,,,6.95
2009/5/15,,,,6.94
2009/5/18,,,,6.96
2009/5/19,,,,7.02
2009/5/20,,,,7.09
2009/5/21,,,,7.09
2009/5/22,,,,7.11
2009/5/25,,,,7.12
2009/5/26,,,,7.11
2009/5/27,,,,7.12
2009/5/28,,,,7.14
2009/5/29,,,,7.2
2009/6/1,,,,7.2
2009/6/2,,,,7.31
2009/6/3,,,,7.31
2009/6/4,,,,7.34
2009/6/5,,,,7.34
2009/6/8,,,,7.34
2009/6/9,,,,7.37
2009/6/10,,,,7.39
2009/6/11,,,,7.42
2009/6/12,,,,7.47
2009/6/15,,,,7.45
2009/6/16,,,,7.43
2009/6/17,,,,7.4
2009/6/18,,,,7.35
2009/6/19,,,,7.36
2009/6/22,,,,7.33
2009/6/23,,,,7.33
2009/6/24,,,,7.32
2009/6/25,,,,7.35
2009/6/26,,,,7.38
2009/6/29,,,,7.41
2009/6/30,,,,7.43
2009/7/1,,,,7.47
2009/7/2,,,,7.48
2009/7/3,,,,7.48
2009/7/6,,,,7.47
2009/7/7,,,,7.46
2009/7/8,,,,7.44
2009/7/9,,,,7.45
2009/7/10,,,,7.45
2009/7/13,,,,7.45
2009/7/14,,,,7.46
2009/7/15,,,,7.49
2009/7/16,,,,7.5
2009/7/17,,,,7.52
2009/7/20,,,,7.58
2009/7/21,,,,7.64
2009/7/22,,,,7.66
2009/7/23,,,,7.69
2009/7/24,,,,7.74
2009/7/27,,,,7.78
2009/7/28,,,,7.81
2009/7/29,,,,7.81
2009/7/30,,,,7.86
2009/7/31,,,,7.93
2009/8/3,,,,7.99
2009/8/4,,,,8.04
2009/8/5,,,,8.09
2009/8/6,,,,8.09
2009/8/7,,,,8.11
2009/8/10,,,,8.13
2009/8/11,,,,8.12
2009/8/12,,,,8.11
2009/8/13,,,,8.13
2009/8/14,,,,8.11
2009/8/17,,,,8.08
2009/8/18,,,,8.08
2009/8/19,,,,8.08
2009/8/20,,,,8.1
2009/8/21,,,,8.12
2009/8/24,,,,8.15
2009/8/25,,,,8.18
2009/8/26,,,,8.18
2009/8/27,,,,8.19
2009/8/28,,,,8.2
2009/8/31,,,,8.19
2009/9/1,,,,8.18
2009/9/2,,,,8.19
2009/9/3,,,,8.22
2009/9/4,,,,8.24
2009/9/7,,,,8.24
2009/9/8,,,,8.29
2009/9/9,,,,8.32
2009/9/10,,,,8.38
2009/9/11,,,,8.43
2009/9/14,,,,8.47
2009/9/15,,,,8.56
2009/9/16,,,,8.65
2009/9/17,,,,8.68
2009/9/18,,,,8.69
2009/9/21,,,,8.71
2009/9/22,,,,8.75
2009/9/23,,,,8.78
2009/9/24,,,,8.79
2009/9/25,,,,8.79
2009/9/28,,,,8.8
2009/9/29,,,,8.81
2009/9/30,,,,8.82
2009/10/1,,,,8.82
2009/10/2,,,,8.8
2009/10/5,,,,8.83
2009/10/6,,,,8.89
2009/10/7,,,,8.9
2009/10/8,,,,8.93
2009/10/9,,,,8.93
2009/10/12,,,,8.94
2009/10/13,,,,8.96
2009/10/14,,,,8.99
2009/10/15,,,,8.99
2009/10/16,,,,8.99
2009/10/19,,,,9.01
2009/10/20,,,,9.01
2009/10/21,,,,9.01
2009/10/22,,,,9.01
2009/10/23,,,,9.03
2009/10/26,,,,9.02
2009/10/27,,,,9.01
2009/10/28,,,,8.97
2009/10/29,,,,8.96
2009/10/30,,,,8.97
2009/11/2,,,,8.94
2009/11/3,,,,8.9
2009/11/4,,,,8.91
2009/11/5,,,,8.91
2009/11/6,,,,8.92
2009/11/9,,,,8.96
2009/11/10,,,,8.98
2009/11/11,,,,8.98
2009/11/12,,,,8.98
2009/11/13,,,,9.01
2009/11/16,,,,9.02
2009/11/17,,,,9.02
2009/11/18,,,,9.04
2009/11/19,,,,9.03
2009/11/20,,,,9.02
2009/11/23,,,,9.04
2009/11/24,,,,9.05
2009/11/25,,,,9.06
2009/11/26,,,,9.05
2009/11/27,,,,9.02
2009/11/30,,,,9
2009/12/1,,,,9.03
2009/12/2,,,,9.03
2009/12/3,,,,9.05
2009/12/4,,,,9.06
2009/12/7,,,,9.07
2009/12/8,,,,9.07
2009/12/9,,,,9.07
2009/12/10,,,,9.08
2009/12/11,,,,9.1
2009/12/14,,,,9.14
2009/12/15,,,,9.15
2009/12/16,,,,9.17
2009/12/17,,,,9.16
2009/12/18,,,,9.17
2009/12/21,,,,9.17
2009/12/22,,,,9.18
2009/12/23,,,,9.2
2009/12/24,,,,9.21
2009/12/25,,,,9.21
2009/12/28,,,,9.22
2009/12/29,,,,9.24
2009/12/30,,,,9.25
2009/12/31,,,,9.26
2010/1/1,,,,9.26
2010/1/4,,,,9.31
2010/1/5,,,,9.37
2010/1/6,,,,9.42
2010/1/7,,,,9.46
2010/1/8,,,,9.48
2010/1/11,,,,9.53
2010/1/12,,,,9.53
2010/1/13,,,,9.5
2010/1/14,,,,9.51
2010/1/15,,,,9.51
2010/1/18,,,,9.51
2010/1/19,,,,9.51
2010/1/20,,,,9.5
2010/1/21,,,,9.48
2010/1/22,,,,9.44
2010/1/25,,,,9.43
2010/1/26,,,,9.41
2010/1/27,,,,9.4
2010/1/28,,,,9.4
2010/1/29,,,,9.41
2010/2/1,,,,9.41
2010/2/2,,,,9.42
2010/2/3,,,,9.42
2010/2/4,,,,9.39
2010/2/5,,,,9.34
2010/2/8,,,,9.32
2010/2/9,,,,9.31
2010/2/10,,,,9.29
2010/2/11,,,,9.28
2010/2/12,,,,9.26
2010/2/15,,,,9.26
2010/2/16,,,,9.27
2010/2/17,,,,9.31
2010/2/18,,,,9.33
2010/2/19,,,,9.36
2010/2/22,,,,9.39
2010/2/23,,,,9.38
2010/2/24,,,,9.39
2010/2/25,,,,9.4
2010/2/26,,,,9.44
2010/3/1,,,,9.47
2010/3/2,,,,9.51
2010/3/3,,,,9.52
2010/3/4,,,,9.53
2010/3/5,,,,9.57
2010/3/8,,,,9.6
2010/3/9,,,,9.63
2010/3/10,,,,9.65
2010/3/11,,,,9.66
2010/3/12,,,,9.68
2010/3/15,,,,9.69
2010/3/16,,,,9.7
2010/3/17,,,,9.73
2010/3/18,,,,9.74
2010/3/19,,,,9.74
2010/3/22,,,,9.74
2010/3/23,,,,9.75
2010/3/24,,,,9.75
2010/3/25,,,,9.75
2010/3/26,,,,9.77
2010/3/29,,,,9.78
2010/3/30,,,,9.79
2010/3/31,,,,9.81
2010/4/1,,,,9.82
2010/4/2,,,,9.82
2010/4/5,,,,9.82
2010/4/6,,,,9.85
2010/4/7,,,,9.87
2010/4/8,,,,9.86
2010/4/9,,,,9.88
2010/4/12,,,,9.92
2010/4/13,,,,9.95
2010/4/14,,,,9.98
2010/4/15,,,,10.01
2010/4/16,,,,10.03
2010/4/19,,,,10.02
2010/4/20,,,,10.03
2010/4/21,,,,10.04
2010/4/22,,,,10.03
2010/4/23,,,,10.03
2010/4/26,,,,10.05
2010/4/27,,,,10.03
2010/4/28,,,,10
2010/4/29,,,,10.02
2010/4/30,,,,10.03
2010/5/3,,,,10.03
2010/5/4,,,,10
2010/5/5,,,,9.93
2010/5/6,,,,9.81
2010/5/7,,,,9.69
2010/5/10,,,,9.81
2010/5/11,,,,9.79
2010/5/12,,,,9.84
2010/5/13,,,,9.84
2010/5/14,,,,9.83
2010/5/17,,,,9.8
2010/5/18,,,,9.79
2010/5/19,,,,9.72
2010/5/20,,,,9.59
2010/5/21,,,,9.56
2010/5/24,,,,9.56
2010/5/25,,,,9.45
2010/5/26,,,,9.5
2010/5/27,,,,9.55
2010/5/28,,,,9.59
2010/5/31,,,,9.59
2010/6/1,,,,9.57
2010/6/2,,,,9.57
2010/6/3,,,,9.59
2010/6/4,,,,9.58
2010/6/7,,,,9.54
2010/6/8,,,,9.52
2010/6/9,,,,9.52
2010/6/10,,,,9.53
2010/6/11,,,,9.55
2010/6/14,,,,9.57
2010/6/15,,,,9.6
2010/6/16,,,,9.64
2010/6/17,,,,9.68
2010/6/18,,,,9.72
2010/6/21,,,,9.77
2010/6/22,,,,9.76
2010/6/23,,,,9.76
2010/6/24,,,,9.73
2010/6/25,,,,9.74
2010/6/28,,,,9.75
2010/6/29,,,,9.7
2010/6/30,,,,9.7
2010/7/1,,,,9.69
2010/7/2,,,,9.7
2010/7/5,,,,9.7
2010/7/6,,,,9.72
2010/7/7,,,,9.74
2010/7/8,,,,9.78
2010/7/9,,,,9.81
2010/7/12,,,,9.82
2010/7/13,,,,9.86
2010/7/14,,,,9.88
2010/7/15,,,,9.9
2010/7/16,,,,9.91
2010/7/19,,,,9.9
2010/7/20,,,,9.92
2010/7/21,,,,9.95
2010/7/22,,,,9.98
2010/7/23,,,,10
2010/7/26,,,,10.03
2010/7/27,,,,10.06
2010/7/28,,,,10.07
2010/7/29,,,,10.09
2010/7/30,,,,10.1
2010/8/2,,,,10.12
2010/8/3,,,,10.15
2010/8/4,,,,10.16
2010/8/5,,,,10.17
2010/8/6,,,,10.18
2010/8/9,,,,10.2
2010/8/10,,,,10.2
2010/8/11,,,,10.17
2010/8/12,,,,10.14
2010/8/13,,,,10.14
2010/8/16,,,,10.15
2010/8/17,,,,10.17
2010/8/18,,,,10.19
2010/8/19,,,,10.2
2010/8/20,,,,10.19
2010/8/23,,,,10.2
2010/8/24,,,,10.18
2010/8/25,,,,10.16
2010/8/26,,,,10.17
2010/8/27,,,,10.16
2010/8/30,,,,10.17
2010/8/31,,,,10.16
2010/9/1,,,,10.18
2010/9/2,,,,10.2
2010/9/3,,,,10.22
2010/9/6,,,,10.23
2010/9/7,,,,10.23
2010/9/8,,,,10.23
2010/9/9,,,,10.24
2010/9/10,,,,10.26
2010/9/13,,,,10.3
2010/9/14,,,,10.33
2010/9/15,,,,10.34
2010/9/16,,,,10.34
2010/9/17,,,,10.35
2010/9/20,,,,10.37
2010/9/21,,,,10.38
2010/9/22,,,,10.39
2010/9/23,,,,10.37
2010/9/24,,,,10.39
2010/9/27,,,,10.41
2010/9/28,,,,10.43
2010/9/29,,,,10.44
2010/9/30,,,,10.46
2010/10/1,,,,10.48
2010/10/4,,,,10.49
2010/10/5,,,,10.53
2010/10/6,,,,10.57
2010/10/7,,,,10.59
2010/10/8,,,,10.62
2010/10/11,,,,10.62
2010/10/12,,,,10.64
2010/10/13,,,,10.68
2010/10/14,,,,10.68
2010/10/15,,,,10.67
2010/10/18,,,,10.67
2010/10/19,,,,10.65
2010/10/20,,,,10.65
2010/10/21,,,,10.64
2010/10/22,,,,10.65
2010/10/25,,,,10.67
2010/10/26,,,,10.67
2010/10/27,,,,10.67
2010/10/28,,,,10.69
2010/10/29,,,,10.71
2010/11/1,,,,10.71
2010/11/2,,,,10.73
2010/11/3,,,,10.75
2010/11/4,,,,10.8
2010/11/5,,,,10.82
2010/11/8,,,,10.81
2010/11/9,,,,10.8
2010/11/10,,,,10.76
2010/11/11,,,,10.75
2010/11/12,,,,10.72
2010/11/15,,,,10.68
2010/11/16,,,,10.63
2010/11/17,,,,10.62
2010/11/18,,,,10.65
2010/11/19,,,,10.65
2010/11/22,,,,10.64
2010/11/23,,,,10.6
2010/11/24,,,,10.59
2010/11/25,,,,10.59
2010/11/26,,,,10.58
2010/11/29,,,,10.56
2010/11/30,,,,10.51
2010/12/1,,,,10.54
2010/12/2,,,,10.57
2010/12/3,,,,10.61
2010/12/6,,,,10.62
2010/12/7,,,,10.63
2010/12/8,,,,10.62
2010/12/9,,,,10.62
2010/12/10,,,,10.62
2010/12/13,,,,10.63
2010/12/14,,,,10.62
2010/12/15,,,,10.6
2010/12/16,,,,10.61
2010/12/17,,,,10.62
2010/12/20,,,,10.62
2010/12/21,,,,10.63
2010/12/22,,,,10.65
2010/12/23,,,,10.65
2010/12/24,,,,10.66
2010/12/27,,,,10.66
2010/12/28,,,,10.66
2010/12/29,,,,10.69
2010/12/30,,,,10.7
2010/12/31,,,,10.71
2011/1/3,,,,10.74
2011/1/4,,,,10.77
2011/1/5,,,,10.78
2011/1/6,,,,10.79
2011/1/7,,,,10.8
2011/1/10,,,,10.79
2011/1/11,,,,10.8
2011/1/12,,,,10.82
2011/1/13,,,,10.84
2011/1/14,,,,10.84
2011/1/17,,,,10.85
2011/1/18,,,,10.85
2011/1/19,,,,10.85
2011/1/20,,,,10.82
2011/1/21,,,,10.83
2011/1/24,,,,10.85
2011/1/25,,,,10.85
2011/1/26,,,,10.86
2011/1/27,,,,10.86
2011/1/28,,,,10.84
2011/1/31,,,,10.84
2011/2/1,,,,10.87
2011/2/2,,,,10.88
2011/2/3,,,,10.88
2011/2/4,,,,10.89
2011/2/7,,,,10.9
2011/2/8,,,,10.91
2011/2/9,,,,10.91
2011/2/10,,,,10.9
2011/2/11,,,,10.9
2011/2/14,,,,10.91
2011/2/15,,,,10.9
2011/2/16,,,,10.92
2011/2/17,,,,10.94
2011/2/18,,,,10.95
2011/2/21,,,,10.95
2011/2/22,,,,10.95
2011/2/23,,,,10.94
2011/2/24,,,,10.93
2011/2/25,,,,10.95
2011/2/28,,,,10.96
2011/3/1,,,,10.96
2011/3/2,,,,10.97
2011/3/3,,,,10.98
2011/3/4,,,,10.98
2011/3/7,,,,10.98
2011/3/8,,,,10.98
2011/3/9,,,,10.98
2011/3/10,,,,10.97
2011/3/11,,,,10.96
2011/3/14,,,,10.96
2011/3/15,,,,10.91
2011/3/16,,,,10.9
2011/3/17,,,,10.9
2011/3/18,,,,10.93
2011/3/21,,,,10.95
2011/3/22,,,,10.96
2011/3/23,,,,10.97
2011/3/24,,,,10.97
2011/3/25,,,,10.98
2011/3/28,,,,10.99
2011/3/29,,,,10.98
2011/3/30,,,,10.99
2011/3/31,,,,11.01
2011/4/1,,,,11.03
2011/4/4,,,,11.05
2011/4/5,,,,11.06
2011/4/6,,,,11.08
2011/4/7,,,,11.09
2011/4/8,,,,11.1
2011/4/11,,,,11.1
2011/4/12,,,,11.09
2011/4/13,,,,11.1
2011/4/14,,,,11.1
2011/4/15,,,,11.11
2011/4/18,,,,11.1
2011/4/19,,,,11.1
2011/4/20,,,,11.12
2011/4/21,,,,11.14
2011/4/22,,,,11.14
2011/4/25,,,,11.14
2011/4/26,,,,11.15
2011/4/27,,,,11.15
2011/4/28,,,,11.17
2011/4/29,,,,11.19
2011/5/2,,,,11.2
2011/5/3,,,,11.2
2011/5/4,,,,11.2
2011/5/5,,,,11.19
2011/5/6,,,,11.21
2011/5/9,,,,11.21
2011/5/10,,,,11.22
2011/5/11,,,,11.21
2011/5/12,,,,11.21
2011/5/13,,,,11.21
2011/5/16,,,,11.22
2011/5/17,,,,11.22
2011/5/18,,,,11.22
2011/5/19,,,,11.23
2011/5/20,,,,11.23
2011/5/23,,,,11.2
2011/5/24,,,,11.2
2011/5/25,,,,11.19
2011/5/26,,,,11.19
2011/5/27,,,,11.2
2011/5/30,,,,11.2
2011/5/31,,,,11.21
2011/6/1,,,,11.22
2011/6/2,,,,11.22
2011/6/3,,,,11.2
2011/6/6,,,,11.19
2011/6/7,,,,11.18
2011/6/8,,,,11.16
2011/6/9,,,,11.14
2011/6/10,,,,11.13
2011/6/13,,,,11.13
2011/6/14,,,,11.11
2011/6/15,,,,11.09
2011/6/16,,,,11.05
2011/6/17,,,,11.05
2011/6/20,,,,11.03
2011/6/21,,,,11.05
2011/6/22,,,,11.05
2011/6/23,,,,11.05
2011/6/24,,,,11.02
2011/6/27,,,,11.01
2011/6/28,,,,11.02
2011/6/29,,,,11.05
2011/6/30,,,,11.09
2011/7/1,,,,11.12
2011/7/4,,,,11.13
2011/7/5,,,,11.14
2011/7/6,,,,11.14
2011/7/7,,,,11.16
2011/7/8,,,,11.17
2011/7/11,,,,11.12
2011/7/12,,,,11.1
2011/7/13,,,,11.12
2011/7/14,,,,11.13
2011/7/15,,,,11.13
2011/7/18,,,,11.11
2011/7/19,,,,11.12
2011/7/20,,,,11.14
2011/7/21,,,,11.17
2011/7/22,,,,11.19
2011/7/25,,,,11.19
2011/7/26,,,,11.2
2011/7/27,,,,11.2
2011/7/28,,,,11.19
2011/7/29,,,,11.2
2011/8/1,,,,11.21
2011/8/2,,,,11.19
2011/8/3,,,,11.17
2011/8/4,,,,11.09
2011/8/5,,,,11.02
2011/8/8,,,,10.82
2011/8/9,,,,10.75
2011/8/10,,,,10.73
2011/8/11,,,,10.64
2011/8/12,,,,10.71
2011/8/16,,,,10.8
2011/8/17,,,,10.83
2011/8/18,,,,10.78
2011/8/19,,,,10.76
2011/8/22,,,,10.75
2011/8/23,,,,10.7
2011/8/24,,,,10.65
2011/8/25,,,,10.65
2011/8/26,,,,10.66
2011/8/29,,,,10.68
2011/8/30,,,,10.7
2011/8/31,,,,10.76
2011/9/1,,,,10.79
2011/9/2,,,,10.78
2011/9/5,,,,10.78
2011/9/6,,,,10.7
2011/9/7,,,,10.73
2011/9/8,,,,10.75
2011/9/9,,,,10.73
2011/9/12,,,,10.65
2011/9/13,,,,10.63
2011/9/14,,,,10.62
2011/9/15,,,,10.64
2011/9/16,,,,10.66
2011/9/19,,,,10.61
2011/9/20,,,,10.61
2011/9/21,,,,10.58
2011/9/22,,,,10.46
2011/9/23,,,,10.41
2011/9/26,,,,10.38
2011/9/27,,,,10.4
2011/9/28,,,,10.37
2011/9/29,,,,10.34
2011/9/30,,,,10.29
2011/10/3,,,,10.21
2011/10/4,,,,10.07
2011/10/5,,,,10.07
2011/10/6,,,,10.14
2011/10/7,,,,10.19
2011/10/10,,,,10.21
2011/10/11,,,,10.27
2011/10/12,,,,10.35
2011/10/13,,,,10.39
2011/10/14,,,,10.43
2011/10/17,,,,10.45
2011/10/18,,,,10.46
2011/10/19,,,,10.5
2011/10/20,,,,10.51
2011/10/21,,,,10.56
2011/10/24,,,,10.61
2011/10/25,,,,10.66
2011/10/26,,,,10.68
2011/10/27,,,,10.8
2011/10/28,,,,10.85
2011/10/31,,,,10.83
2011/11/2,,,,10.76
2011/11/3,,,,10.79
2011/11/4,,,,10.8
2011/11/7,,,,10.79
2011/11/8,,,,10.8
2011/11/9,,,,10.74
2011/11/10,,,,10.72
2011/11/11,,,,10.73
2011/11/14,,,,10.73
2011/11/15,,,,10.69
2011/11/16,,,,10.68
2011/11/17,,,,10.65
2011/11/18,,,,10.64
2011/11/21,,,,10.57
2011/11/22,,,,10.54
2011/11/23,,,,10.5
2011/11/24,,,,10.49
2011/11/25,,,,10.48
2011/11/28,,,,10.49
2011/11/29,,,,10.49
2011/11/30,,,,10.54
2011/12/1,,,,10.56
2011/12/2,,,,10.61
2011/12/5,,,,10.65
2011/12/6,,,,10.66
2011/12/7,,,,10.68
2011/12/8,,,,10.68
2011/12/9,,,,10.67
2011/12/12,,,,10.65
2011/12/13,,,,10.66
2011/12/14,,,,10.63
2011/12/15,,,,10.63
2011/12/16,,,,10.65
2011/12/19,,,,10.65
2011/12/20,,,,10.67
2011/12/21,,,,10.68
2011/12/22,,,,10.69
2011/12/23,,,,10.71
2011/12/27,,,,10.71
2011/12/28,,,,10.72
2011/12/29,,,,10.73
2011/12/30,,,,10.74
2012/1/2,,,,10.75
2012/1/3,,,,10.79
2012/1/4,,,,10.8
2012/1/5,,,,10.81
2012/1/6,,,,10.82
2012/1/9,,,,10.83
2012/1/10,,,,10.86
2012/1/11,,,,10.87
2012/1/12,,,,10.88
2012/1/13,,,,10.88
2012/1/16,,,,10.88
2012/1/17,,,,10.9
2012/1/18,,,,10.92
2012/1/19,,,,10.96
2012/1/20,,,,10.98
2012/1/23,,,,11.01
2012/1/24,,,,11.02
2012/1/25,,,,11.06
2012/1/26,,,,11.12
2012/1/27,,,,11.14
2012/1/30,,,,11.12
2012/1/31,,,,11.14
2012/2/1,,,,11.17
2012/2/2,,,,11.19
2012/2/3,,,,11.22
2012/2/6,,,,11.23
2012/2/7,,,,11.24
2012/2/8,,,,11.26
2012/2/9,,,,11.26
2012/2/10,,,,11.24
2012/2/13,,,,11.26
2012/2/14,,,,11.26
2012/2/15,,,,11.26
2012/2/16,,,,11.25
2012/2/17,,,,11.27
2012/2/20,,,,11.28
2012/2/21,,,,11.29
2012/2/22,,,,11.31
2012/2/23,,,,11.33
2012/2/24,,,,11.36
2012/2/27,,,,11.36
2012/2/28,,,,11.39
2012/2/29,,,,11.39
2012/3/1,,,,11.41
2012/3/2,,,,11.42
2012/3/5,,,,11.41
2012/3/6,,,,11.35
2012/3/7,,,,11.36
2012/3/8,,,,11.39
2012/3/9,,,,11.4
2012/3/12,,,,11.4
2012/3/13,,,,11.42
2012/3/14,,,,11.41
2012/3/15,,,,11.41
2012/3/16,,,,11.42
2012/3/19,,,,11.42
2012/3/20,,,,11.41
2012/3/21,,,,11.42
2012/3/22,,,,11.4
2012/3/23,,,,11.41
2012/3/26,,,,11.41
2012/3/27,,,,11.43
2012/3/28,,,,11.42
2012/3/29,,,,11.39
2012/3/30,,,,11.4
2012/4/2,,,,11.41
2012/4/3,,,,11.4
2012/4/4,,,,11.38
2012/4/5,,,,11.38
2012/4/10,,,,11.33
2012/4/11,,,,11.33
2012/4/12,,,,11.35
2012/4/13,,,,11.36
2012/4/16,,,,11.35
2012/4/17,,,,11.37
2012/4/18,,,,11.37
2012/4/19,,,,11.37
2012/4/20,,,,11.39
2012/4/23,,,,11.38
2012/4/24,,,,11.4
2012/4/25,,,,11.43
2012/4/26,,,,11.44
2012/4/27,,,,11.47
2012/4/30,,,,11.48
2012/5/2,,,,11.51
2012/5/3,,,,11.53
2012/5/4,,,,11.53
2012/5/7,,,,11.52
2012/5/8,,,,11.51
2012/5/9,,,,11.48
2012/5/10,,,,11.5
2012/5/11,,,,11.49
2012/5/14,,,,11.45
2012/5/15,,,,11.42
2012/5/16,,,,11.38
2012/5/18,,,,11.28
2012/5/21,,,,11.26
2012/5/22,,,,11.27
2012/5/23,,,,11.24
2012/5/24,,,,11.23
2012/5/25,,,,11.24
2012/5/29,,,,11.26
2012/5/30,,,,11.23
2012/5/31,,,,11.21
2012/6/1,,,,11.16
2012/6/4,,,,11.14
2012/6/5,,,,11.14
2012/6/6,,,,11.19
2012/6/7,,,,11.24
2012/6/8,,,,11.25
2012/6/11,,,,11.25
2012/6/12,,,,11.25
2012/6/13,,,,11.27
2012/6/14,,,,11.27
2012/6/15,,,,11.3
2012/6/18,,,,11.31
2012/6/19,,,,11.35
2012/6/20,,,,11.38
2012/6/21,,,,11.38
2012/6/22,,,,11.39
2012/6/25,,,,11.37
2012/6/26,,,,11.38
2012/6/27,,,,11.4
2012/6/28,,,,11.41
2012/6/29,,,,11.47
2012/7/2,,,,11.5
2012/7/3,,,,11.53
2012/7/5,,,,11.54
2012/7/6,,,,11.54
2012/7/9,,,,11.54
2012/7/10,,,,11.56
2012/7/11,,,,11.57
2012/7/12,,,,11.57
2012/7/13,,,,11.6
2012/7/16,,,,11.61
2012/7/17,,,,11.62
2012/7/18,,,,11.64
2012/7/19,,,,11.67
2012/7/20,,,,11.67
2012/7/23,,,,11.63
2012/7/24,,,,11.62
2012/7/25,,,,11.62
2012/7/26,,,,11.65
2012/7/27,,,,11.67
2012/7/30,,,,11.7
2012/7/31,,,,11.72
2012/8/1,,,,11.73
2012/8/2,,,,11.74
2012/8/3,,,,11.77
2012/8/6,,,,11.8
2012/8/7,,,,11.81
2012/8/8,,,,11.82
2012/8/9,,,,11.82
2012/8/10,,,,11.83
2012/8/13,,,,11.82
2012/8/14,,,,11.82
2012/8/16,,,,11.81
2012/8/17,,,,11.82
2012/8/20,,,,11.83
2012/8/21,,,,11.85
2012/8/22,,,,11.86
2012/8/23,,,,11.87
2012/8/24,,,,11.87
2012/8/27,,,,11.88
2012/8/28,,,,11.88
2012/8/29,,,,11.88
2012/8/30,,,,11.88
2012/8/31,,,,11.9
2012/9/4,,,,11.91
2012/9/5,,,,11.92
2012/9/6,,,,11.95
2012/9/7,,,,12.01
2012/9/10,,,,12.02
2012/9/11,,,,12.04
2012/9/12,,,,12.08
2012/9/13,,,,12.11
2012/9/14,,,,12.16
2012/9/17,,,,12.17
2012/9/18,,,,12.17
2012/9/19,,,,12.18
2012/9/20,,,,12.16
2012/9/21,,,,12.17
2012/9/24,,,,12.16
2012/9/25,,,,12.14
2012/9/26,,,,12.1
2012/9/27,,,,12.12
2012/9/28,,,,12.12
2012/10/1,,,,12.13
2012/10/2,,,,12.14
2012/10/3,,,,12.15
2012/10/4,,,,12.17
2012/10/5,,,,12.18
2012/10/8,,,,12.18
2012/10/9,,,,12.17
2012/10/10,,,,12.16
2012/10/11,,,,12.17
2012/10/12,,,,12.2
2012/10/15,,,,12.21
2012/10/16,,,,12.24
2012/10/17,,,,12.26
2012/10/18,,,,12.28
2012/10/19,,,,12.28
2012/10/22,,,,12.28
2012/10/23,,,,12.25
2012/10/24,,,,12.25
2012/10/25,,,,12.25
2012/10/26,,,,12.23
2012/10/31,,,,12.23
2012/11/2,,,,12.24
2012/11/5,,,,12.25
2012/11/6,,,,12.26
2012/11/7,,,,12.26
2012/11/8,,,,12.26
2012/11/9,,,,12.23
2012/11/12,,,,12.23
2012/11/13,,,,12.22
2012/11/14,,,,12.2
2012/11/15,,,,12.16
2012/11/16,,,,12.16
2012/11/19,,,,12.19
2012/11/20,,,,12.21
2012/11/21,,,,12.22
2012/11/23,,,,12.23
2012/11/26,,,,12.23
2012/11/27,,,,12.26
2012/11/28,,,,12.26
2012/11/29,,,,12.3
2012/11/30,,,,12.32
2012/12/3,,,,12.33
2012/12/4,,,,12.34
2012/12/5,,,,12.37
2012/12/6,,,,12.39
2012/12/7,,,,12.41
2012/12/10,,,,12.42
2012/12/11,,,,12.44
2012/12/12,,,,12.46
2012/12/13,,,,12.46
2012/12/14,,,,12.46
2012/12/17,,,,12.46
2012/12/18,,,,12.47
2012/12/19,,,,12.48
2012/12/20,,,,12.49
2012/12/21,,,,12.48
2012/12/24,,,,12.48
2012/12/27,,,,12.49
2012/12/28,,,,12.49
2012/12/31,,,,12.49
2013/1/2,,,,12.55
2013/1/3,,,,12.57
2013/1/4,,,,12.58
2013/1/7,,,,12.6
2013/1/8,,,,12.62
2013/1/9,,,,12.63
2013/1/10,,,,12.66
2013/1/11,,,,12.66
2013/1/14,,,,12.66
2013/1/15,,,,12.66
2013/1/16,,,,12.66
2013/1/17,,,,12.68
2013/1/18,,,,12.69
2013/1/22,,,,12.69
2013/1/23,,,,12.7
2013/1/24,,,,12.7
2013/1/25,,,,12.71
2013/1/28,,,,12.71
2013/1/29,,,,12.7
2013/1/30,,,,12.67
2013/1/31,,,,12.65
2013/2/1,,,,12.66
2013/2/4,,,,12.64
2013/2/5,,,,12.63
2013/2/6,,,,12.63
2013/2/7,,,,12.63
2013/2/8,,,,12.64
2013/2/11,,,,12.64
2013/2/12,,,,12.64
2013/2/13,,,,12.65
2013/2/14,,,,12.66
2013/2/15,,,,12.67
2013/2/19,,,,12.67
2013/2/20,,,,12.68
2013/2/21,,,,12.66
2013/2/22,,,,12.67
2013/2/25,,,,12.68
2013/2/26,,,,12.67
2013/2/27,,,,12.68
2013/2/28,,,,12.69
2013/3/1,,,,12.69
2013/3/4,,,,12.7
2013/3/5,,,,12.73
2013/3/6,,,,12.73
2013/3/7,,,,12.74
2013/3/8,,,,12.75
2013/3/11,,,,12.75
2013/3/12,,,,12.76
2013/3/13,,,,12.77
2013/3/14,,,,12.77
2013/3/15,,,,12.79
2013/3/18,,,,12.77
2013/3/19,,,,12.77
2013/3/20,,,,12.78
2013/3/21,,,,12.78
2013/3/22,,,,12.78
2013/3/25,,,,12.79
2013/3/26,,,,12.79
2013/3/27,,,,12.78
2013/3/28,,,,12.78
2013/4/2,,,,12.8
2013/4/3,,,,12.8
2013/4/4,,,,12.82
2013/4/5,,,,12.84
2013/4/8,,,,12.85
2013/4/9,,,,12.86
2013/4/10,,,,12.88
2013/4/11,,,,12.9
2013/4/12,,,,12.91
2013/4/15,,,,12.89
2013/4/16,,,,12.89
2013/4/17,,,,12.88
2013/4/18,,,,12.88
2013/4/19,,,,12.89
2013/4/22,,,,12.9
2013/4/23,,,,12.92
2013/4/24,,,,12.95
2013/4/25,,,,12.96
2013/4/26,,,,12.98
2013/4/29,,,,13.01
2013/4/30,,,,13.03
2013/5/2,,,,13.08
2013/5/3,,,,13.1
2013/5/6,,,,13.1
2013/5/7,,,,13.13
2013/5/8,,,,13.14
2013/5/10,,,,13.12
2013/5/13,,,,13.1
2013/5/14,,,,13.09
2013/5/15,,,,13.08
2013/5/16,,,,13.09
2013/5/17,,,,13.09
2013/5/21,,,,13.09
2013/5/22,,,,13.09
2013/5/23,,,,13.05
2013/5/24,,,,13.04
2013/5/28,,,,13.02
2013/5/29,,,,12.95
2013/5/30,,,,12.94
2013/5/31,,,,12.9
2013/6/3,,,,12.87
2013/6/4,,,,12.86
2013/6/5,,,,12.79
2013/6/6,,,,12.74
2013/6/7,,,,12.76
2013/6/10,,,,12.74
2013/6/11,,,,12.67
2013/6/12,,,,12.67
2013/6/13,,,,12.66
2013/6/14,,,,12.71
2013/6/17,,,,12.73
2013/6/18,,,,12.72
2013/6/19,,,,12.69
2013/6/20,,,,12.51
2013/6/21,,,,12.48
2013/6/24,,,,12.37
2013/6/25,,,,12.36
2013/6/26,,,,12.4
2013/6/27,,,,12.45
2013/6/28,,,,12.47
2013/7/1,,,,12.49
2013/7/2,,,,12.5
2013/7/3,,,,12.49
2013/7/5,,,,12.47
2013/7/8,,,,12.48
2013/7/9,,,,12.51
2013/7/10,,,,12.51
2013/7/11,,,,12.57
2013/7/12,,,,12.58
2013/7/15,,,,12.61
2013/7/16,,,,12.63
2013/7/17,,,,12.66
2013/7/18,,,,12.71
2013/7/19,,,,12.73
2013/7/22,,,,12.74
2013/7/23,,,,12.75
2013/7/24,,,,12.72
2013/7/25,,,,12.68
2013/7/26,,,,12.69
2013/7/29,,,,12.68
2013/7/30,,,,12.68
2013/7/31,,,,12.68
2013/8/1,,,,12.67
2013/8/2,,,,12.68
2013/8/5,,,,12.68
2013/8/6,,,,12.67
2013/8/7,,,,12.66
2013/8/8,,,,12.67
2013/8/9,,,,12.68
2013/8/12,,,,12.68
2013/8/13,,,,12.66
2013/8/14,,,,12.66
2013/8/16,,,,12.6
2013/8/19,,,,12.57
2013/8/20,,,,12.56
2013/8/21,,,,12.53
2013/8/22,,,,12.53
2013/8/23,,,,12.55
2013/8/26,,,,12.55
2013/8/27,,,,12.54
2013/8/28,,,,12.53
2013/8/29,,,,12.54
2013/8/30,,,,12.54
2013/9/3,,,,12.55
2013/9/4,,,,12.54
2013/9/5,,,,12.53
2013/9/6,,,,12.54
2013/9/9,,,,12.56
2013/9/10,,,,12.57
2013/9/11,,,,12.59
2013/9/12,,,,12.6
2013/9/13,,,,12.61
2013/9/16,,,,12.65
2013/9/17,,,,12.65
2013/9/18,,,,12.7
2013/9/19,,,,12.76
2013/9/20,,,,12.77
2013/9/23,,,,12.76
2013/9/24,,,,12.77
2013/9/25,,,,12.76
2013/9/26,,,,12.76
2013/9/27,,,,12.75
2013/9/30,,,,12.73
2013/10/1,,,,12.74
2013/10/2,,,,12.75
2013/10/3,,,,12.76
2013/10/4,,,,12.78
2013/10/7,,,,12.79
2013/10/8,,,,12.79
2013/10/9,,,,12.79
2013/10/10,,,,12.82
2013/10/11,,,,12.84
2013/10/14,,,,12.84
2013/10/15,,,,12.85
2013/10/16,,,,12.88
2013/10/17,,,,12.92
2013/10/18,,,,12.96
2013/10/21,,,,12.97
2013/10/22,,,,13
2013/10/23,,,,13.01
2013/10/24,,,,13.02
2013/10/25,,,,13.03
2013/10/28,,,,13.04
2013/10/29,,,,13.04
2013/10/30,,,,13.05
2013/10/31,,,,13.05
2013/11/4,,,,13.04
2013/11/5,,,,13.02
2013/11/6,,,,13.02
2013/11/7,,,,13.04
2013/11/8,,,,13
2013/11/11,,,,13
2013/11/12,,,,12.98
2013/11/13,,,,12.97
2013/11/14,,,,13
2013/11/15,,,,13.01
2013/11/18,,,,13.03
2013/11/19,,,,13.02
2013/11/20,,,,13.03
2013/11/21,,,,13.02
2013/11/22,,,,13.04
2013/11/25,,,,13.05
2013/11/26,,,,13.07
2013/11/27,,,,13.07
2013/11/29,,,,13.07
2013/12/2,,,,13.07
2013/12/3,,,,13.07
2013/12/4,,,,13.06
2013/12/5,,,,13.06
2013/12/6,,,,13.07
2013/12/9,,,,13.09
2013/12/10,,,,13.1
2013/12/11,,,,13.1
2013/12/12,,,,13.09
2013/12/13,,,,13.09
2013/12/16,,,,13.09
2013/12/17,,,,13.09
2013/12/18,,,,13.09
2013/12/19,,,,13.09
2013/12/20,,,,13.11
2013/12/23,,,,13.11
2013/12/24,,,,13.11
2013/12/27,,,,13.12
2013/12/30,,,,13.12
2013/12/31,,,,13.12
2014/1/2,,,,13.13
2014/1/3,,,,13.14
2014/1/6,,,,13.16
2014/1/7,,,,13.17
2014/1/8,,,,13.17
2014/1/9,,,,13.18
2014/1/10,,,,13.21
2014/1/13,,,,13.22
2014/1/14,,,,13.22
2014/1/15,,,,13.23
2014/1/16,,,,13.23
2014/1/17,,,,13.25
2014/1/21,,,,13.25
2014/1/22,,,,13.24
2014/1/23,,,,13.23
2014/1/24,,,,13.19
2014/1/27,,,,13.17
2014/1/28,,,,13.18
2014/1/29,,,,13.17
2014/1/30,,,,13.17
2014/1/31,,,,13.16
2014/2/3,,,,13.14
2014/2/4,,,,13.14
2014/2/5,,,,13.15
2014/2/6,,,,13.17
2014/2/7,,,,13.2
2014/2/10,,,,13.22
2014/2/11,,,,13.23
2014/2/12,,,,13.24
2014/2/13,,,,13.26
2014/2/14,,,,13.28
2014/2/18,,,,13.29
2014/2/19,,,,13.29
2014/2/20,,,,13.3
2014/2/21,,,,13.33
2014/2/24,,,,13.35
2014/2/25,,,,13.37
2014/2/26,,,,13.38
2014/2/27,,,,13.4
2014/2/28,,,,13.42
2014/3/3,,,,13.4
2014/3/4,,,,13.41
2014/3/5,,,,13.43
2014/3/6,,,,13.44
2014/3/7,,,,13.42
2014/3/10,,,,13.41
2014/3/11,,,,13.41
2014/3/12,,,,13.41
2014/3/13,,,,13.41
2014/3/14,,,,13.4
2014/3/17,,,,13.41
2014/3/18,,,,13.43
2014/3/19,,,,13.42
2014/3/20,,,,13.41
2014/3/21,,,,13.43
2014/3/24,,,,13.44
2014/3/25,,,,13.45
2014/3/26,,,,13.46
2014/3/27,,,,13.48
2014/3/28,,,,13.49
2014/3/31,,,,13.5
2014/4/1,,,,13.51
2014/4/2,,,,13.51
2014/4/3,,,,13.51
2014/4/4,,,,13.54
2014/4/7,,,,13.55
2014/4/8,,,,13.56
2014/4/9,,,,13.57
2014/4/10,,,,13.58
2014/4/11,,,,13.56
2014/4/14,,,,13.56
2014/4/15,,,,13.56
2014/4/16,,,,13.56
2014/4/17,,,,13.57
2014/4/22,,,,13.57
2014/4/23,,,,13.57
2014/4/24,,,,13.58
2014/4/25,,,,13.58
2014/4/28,,,,13.58
2014/4/29,,,,13.59
2014/4/30,,,,13.6
2014/5/2,,,,13.62
2014/5/5,,,,13.62
2014/5/6,,,,13.62
2014/5/7,,,,13.64
2014/5/8,,,,13.66
2014/5/9,,,,13.67
2014/5/12,,,,13.67
2014/5/13,,,,13.69
2014/5/14,,,,13.7
2014/5/15,,,,13.68
2014/5/16,,,,13.69
2014/5/19,,,,13.69
2014/5/20,,,,13.68
2014/5/21,,,,13.68
2014/5/22,,,,13.69
2014/5/23,,,,13.69
2014/5/27,,,,13.7
2014/5/28,,,,13.71
2014/5/30,,,,13.73
2014/6/2,,,,13.73
2014/6/3,,,,13.72
2014/6/4,,,,13.71
2014/6/5,,,,13.73
2014/6/6,,,,13.77
2014/6/10,,,,13.78
2014/6/11,,,,13.77
2014/6/12,,,,13.78
2014/6/13,,,,13.79
2014/6/16,,,,13.78
2014/6/17,,,,13.77
2014/6/18,,,,13.78
2014/6/19,,,,13.8
2014/6/20,,,,13.82
2014/6/24,,,,13.82
2014/6/25,,,,13.82
2014/6/26,,,,13.82
2014/6/27,,,,13.83
2014/6/30,,,,13.82
2014/7/1,,,,13.83
2014/7/2,,,,13.82
2014/7/3,,,,13.83
2014/7/7,,,,13.83
2014/7/8,,,,13.84
2014/7/9,,,,13.84
2014/7/10,,,,13.82
2014/7/11,,,,13.83
2014/7/14,,,,13.83
2014/7/15,,,,13.82
2014/7/16,,,,13.81
2014/7/17,,,,13.79
2014/7/18,,,,13.79
2014/7/21,,,,13.78
2014/7/22,,,,13.79
2014/7/23,,,,13.8
2014/7/24,,,,13.81
2014/7/25,,,,13.8
2014/7/28,,,,13.79
2014/7/29,,,,13.78
2014/7/30,,,,13.76
2014/7/31,,,,13.7
2014/8/1,,,,13.65
2014/8/4,,,,13.66
2014/8/5,,,,13.66
2014/8/6,,,,13.64
2014/8/7,,,,13.65
2014/8/8,,,,13.65
2014/8/11,,,,13.69
2014/8/12,,,,13.7
2014/8/13,,,,13.74
2014/8/14,,,,13.77
2014/8/18,,,,13.8
2014/8/19,,,,13.81
2014/8/20,,,,13.8
2014/8/21,,,,13.8
2014/8/22,,,,13.8
2014/8/25,,,,13.8
2014/8/26,,,,13.82
2014/8/27,,,,13.83
2014/8/28,,,,13.83
2014/8/29,,,,13.83
2014/9/2,,,,13.81
2014/9/3,,,,13.81
2014/9/4,,,,13.8
2014/9/5,,,,13.78
2014/9/8,,,,13.76
2014/9/9,,,,13.74
2014/9/10,,,,13.71
2014/9/11,,,,13.7
2014/9/12,,,,13.69
2014/9/15,,,,13.68
2014/9/16,,,,13.67
2014/9/17,,,,13.67
2014/9/18,,,,13.68
2014/9/19,,,,13.69
2014/9/22,,,,13.68
2014/9/23,,,,13.66
2014/9/24,,,,13.64
2014/9/25,,,,13.6
2014/9/26,,,,13.56
2014/9/29,,,,13.51
2014/9/30,,,,13.53
2014/10/1,,,,13.55
2014/10/2,,,,13.54
2014/10/3,,,,13.57
2014/10/6,,,,13.6
2014/10/7,,,,13.59
2014/10/8,,,,13.58
2014/10/9,,,,13.56
2014/10/10,,,,13.51
2014/10/13,,,,13.51
2014/10/14,,,,13.48
2014/10/15,,,,13.42
2014/10/16,,,,13.41
2014/10/17,,,,13.49
2014/10/20,,,,13.51
2014/10/21,,,,13.56
2014/10/22,,,,13.57
2014/10/23,,,,13.59
2014/10/24,,,,13.6
2014/10/27,,,,13.59
2014/10/28,,,,13.6
2014/10/29,,,,13.6
2014/10/30,,,,13.6
2014/10/31,,,,13.61
2014/11/3,,,,13.61
2014/11/4,,,,13.58
2014/11/5,,,,13.58
2014/11/6,,,,13.57
2014/11/7,,,,13.58
2014/11/10,,,,13.57
2014/11/11,,,,13.57
2014/11/12,,,,13.57
2014/11/13,,,,13.56
2014/11/14,,,,13.55
2014/11/17,,,,13.52
2014/11/18,,,,13.51
2014/11/19,,,,13.49
2014/11/20,,,,13.47
2014/11/21,,,,13.52
2014/11/24,,,,13.53
2014/11/25,,,,13.54
2014/11/26,,,,13.56
2014/11/28,,,,13.54
2014/12/1,,,,13.47
2014/12/2,,,,13.44
2014/12/3,,,,13.44
2014/12/4,,,,13.44
2014/12/5,,,,13.42
2014/12/8,,,,13.38
2014/12/9,,,,13.32
2014/12/10,,,,13.29
2014/12/11,,,,13.25
2014/12/12,,,,13.19
2014/12/15,,,,13.12
2014/12/16,,,,13.06
2014/12/17,,,,13.12
2014/12/18,,,,13.22
2014/12/19,,,,13.28
2014/12/22,,,,13.29
2014/12/23,,,,13.3
2014/12/24,,,,13.31
2014/12/29,,,,13.32
2014/12/30,,,,13.32
2014/12/31,,,,13.32
2015/1/2,,,,13.33
2015/1/5,,,,13.29
2015/1/6,,,,13.26
2015/1/7,,,,13.29
2015/1/8,,,,13.33
2015/1/9,,,,13.34
2015/1/12,,,,13.34
2015/1/13,,,,13.34
2015/1/14,,,,13.31
2015/1/15,,,,13.31
2015/1/16,,,,13.31
2015/1/20,,,,13.3
2015/1/21,,,,13.3
2015/1/22,,,,13.32
2015/1/23,,,,13.34
2015/1/26,,,,13.34
2015/1/27,,,,13.34
2015/1/28,,,,13.37
2015/1/29,,,,13.36
2015/1/30,,,,13.36
2015/2/2,,,,13.36
2015/2/3,,,,13.39
2015/2/4,,,,13.4
2015/2/5,,,,13.42
2015/2/6,,,,13.43
2015/2/9,,,,13.43
2015/2/10,,,,13.42
2015/2/11,,,,13.41
2015/2/12,,,,13.43
2015/2/13,,,,13.45
2015/2/17,,,,13.45
2015/2/18,,,,13.47
2015/2/19,,,,13.46
2015/2/20,,,,13.47
2015/2/23,,,,13.48
2015/2/24,,,,13.52
2015/2/25,,,,13.53
2015/2/26,,,,13.54
2015/2/27,,,,13.55
2015/3/2,,,,13.55
2015/3/3,,,,13.55
2015/3/4,,,,13.53
2015/3/5,,,,13.54
2015/3/6,,,,13.5
2015/3/9,,,,13.49
2015/3/10,,,,13.46
2015/3/11,,,,13.46
2015/3/12,,,,13.47
2015/3/13,,,,13.44
2015/3/16,,,,13.42
2015/3/17,,,,13.4
2015/3/18,,,,13.4
2015/3/19,,,,13.43
2015/3/20,,,,13.46
2015/3/23,,,,13.47
2015/3/24,,,,13.48
2015/3/25,,,,13.48
2015/3/26,,,,13.47
2015/3/27,,,,13.47
2015/3/30,,,,13.48
2015/3/31,,,,13.51
2015/4/1,,,,13.51
2015/4/2,,,,13.53
2015/4/7,,,,13.57
2015/4/8,,,,13.59
2015/4/9,,,,13.6
2015/4/10,,,,13.61
2015/4/13,,,,13.62
2015/4/14,,,,13.62
2015/4/15,,,,13.64
2015/4/16,,,,13.64
2015/4/17,,,,13.63
2015/4/20,,,,13.63
2015/4/21,,,,13.64
2015/4/22,,,,13.64
2015/4/23,,,,13.64
2015/4/24,,,,13.66
2015/4/27,,,,13.67
2015/4/28,,,,13.66
2015/4/29,,,,13.65
2015/4/30,,,,13.65
2015/5/4,,,,13.65
2015/5/5,,,,13.65
2015/5/6,,,,13.63
2015/5/7,,,,13.62
2015/5/8,,,,13.66
2015/5/11,,,,13.65
2015/5/12,,,,13.62
2015/5/13,,,,13.64
2015/5/15,,,,13.66
2015/5/18,,,,13.65
2015/5/19,,,,13.64
2015/5/20,,,,13.63
2015/5/21,,,,13.64
2015/5/22,,,,13.65
2015/5/26,,,,13.64
2015/5/27,,,,13.65
2015/5/28,,,,13.65
2015/5/29,,,,13.65
2015/6/1,,,,13.65
2015/6/2,,,,13.64
2015/6/3,,,,13.62
2015/6/4,,,,13.61
2015/6/5,,,,13.58
2015/6/8,,,,13.56
2015/6/9,,,,13.54
2015/6/10,,,,13.53
2015/6/11,,,,13.54
2015/6/12,,,,13.54
2015/6/15,,,,13.52
2015/6/16,,,,13.5
2015/6/17,,,,13.51
2015/6/18,,,,13.52
2015/6/19,,,,13.54
2015/6/22,,,,13.56
2015/6/24,,,,13.55
2015/6/25,,,,13.54
2015/6/26,,,,13.52
2015/6/29,,,,13.47
2015/6/30,,,,13.47
2015/7/1,,,,13.49
2015/7/2,,,,13.5
2015/7/6,,,,13.47
2015/7/7,,,,13.45
2015/7/8,,,,13.43
2015/7/9,,,,13.43
2015/7/10,,,,13.45
2015/7/13,,,,13.46
2015/7/14,,,,13.46
2015/7/15,,,,13.47
2015/7/16,,,,13.48
2015/7/17,,,,13.47
2015/7/20,,,,13.46
2015/7/21,,,,13.44
2015/7/22,,,,13.4
2015/7/23,,,,13.38
2015/7/24,,,,13.36
2015/7/27,,,,13.31
2015/7/28,,,,13.33
2015/7/29,,,,13.36
2015/7/30,,,,13.38
2015/7/31,,,,13.39
2015/8/3,,,,13.38
2015/8/4,,,,13.37
2015/8/5,,,,13.35
2015/8/6,,,,13.33
2015/8/7,,,,13.3
2015/8/10,,,,13.3
2015/8/11,,,,13.26
2015/8/12,,,,13.24
2015/8/13,,,,13.24
2015/8/14,,,,13.25
2015/8/17,,,,13.24
2015/8/18,,,,13.23
2015/8/19,,,,13.21
2015/8/20,,,,13.18
2015/8/21,,,,13.15
2015/8/24,,,,13.05
2015/8/25,,,,13.09
2015/8/26,,,,13.09
2015/8/27,,,,13.14
2015/8/28,,,,13.16
2015/8/31,,,,13.16
2015/9/1,,,,13.14
2015/9/2,,,,13.13
2015/9/3,,,,13.15
2015/9/4,,,,13.14
2015/9/8,,,,13.15
2015/9/9,,,,13.17
2015/9/10,,,,13.16
2015/9/11,,,,13.16
2015/9/14,,,,13.15
2015/9/15,,,,13.14
2015/9/16,,,,13.13
2015/9/17,,,,13.14
2015/9/18,,,,13.13
2015/9/21,,,,13.12
2015/9/22,,,,13.06
2015/9/23,,,,13.04
2015/9/24,,,,12.99
2015/9/25,,,,12.98
2015/9/28,,,,12.9
2015/9/29,,,,12.85
2015/9/30,,,,12.86
2015/10/1,,,,12.85
2015/10/2,,,,12.83
2015/10/5,,,,12.89
2015/10/6,,,,12.93
2015/10/7,,,,12.99
2015/10/8,,,,12.99
2015/10/9,,,,13.04
2015/10/12,,,,13.05
2015/10/13,,,,13.03
2015/10/14,,,,13.02
2015/10/15,,,,13.03
2015/10/16,,,,13.06
2015/10/19,,,,13.07
2015/10/20,,,,13.08
2015/10/21,,,,13.08
2015/10/22,,,,13.08
2015/10/23,,,,13.11
2015/10/26,,,,13.12
2015/10/27,,,,13.1
2015/10/28,,,,13.1
2015/10/29,,,,13.1
2015/10/30,,,,13.11
2015/11/2,,,,13.12
2015/11/3,,,,13.14
2015/11/4,,,,13.15
2015/11/5,,,,13.13
2015/11/6,,,,13.09
2015/11/9,,,,13.04
2015/11/10,,,,13.02
2015/11/11,,,,13.03
2015/11/12,,,,12.99
2015/11/13,,,,12.95
2015/11/16,,,,12.94
2015/11/17,,,,12.97
2015/11/18,,,,12.96
2015/11/19,,,,12.94
2015/11/20,,,,12.93
2015/11/23,,,,12.93
2015/11/24,,,,12.91
2015/11/25,,,,12.91
2015/11/27,,,,12.91
2015/11/30,,,,12.92
2015/12/1,,,,12.92
2015/12/2,,,,12.92
2015/12/3,,,,12.88
2015/12/4,,,,12.86
2015/12/7,,,,12.82
2015/12/8,,,,12.76
2015/12/9,,,,12.76
2015/12/10,,,,12.73
2015/12/11,,,,12.63
2015/12/14,,,,12.5
2015/12/15,,,,12.56
2015/12/16,,,,12.59
2015/12/17,,,,12.59
2015/12/18,,,,12.54
2015/12/21,,,,12.53
2015/12/22,,,,12.55
2015/12/23,,,,12.58
2015/12/24,,,,12.6
2015/12/28,,,,12.6
2015/12/29,,,,12.61
2015/12/30,,,,12.62
2015/12/31,,,,12.63
2016/1/4,,,,12.59
2016/1/5,,,,12.61
2016/1/6,,,,12.61
2016/1/7,,,,12.58
2016/1/8,,,,12.59
2016/1/11,,,,12.55
2016/1/12,,,,12.53
2016/1/13,,,,12.49
2016/1/14,,,,12.44
2016/1/15,,,,12.33
2016/1/19,,,,12.32
2016/1/20,,,,12.21
2016/1/21,,,,12.24
2016/1/22,,,,12.34
2016/1/25,,,,12.34
2016/1/26,,,,12.35
2016/1/27,,,,12.37
2016/1/28,,,,12.39
2016/1/29,,,,12.43
2016/2/1,,,,12.41
2016/2/2,,,,12.36
2016/2/3,,,,12.34
2016/2/4,,,,12.34
2016/2/5,,,,12.31
2016/2/8,,,,12.18
2016/2/9,,,,12.12
2016/2/10,,,,12.14
2016/2/11,,,,12.02
2016/2/12,,,,12.06
2016/2/16,,,,12.11
2016/2/17,,,,12.19
2016/2/18,,,,12.24
2016/2/19,,,,12.22
2016/2/22,,,,12.27
2016/2/23,,,,12.27
2016/2/24,,,,12.23
2016/2/25,,,,12.35
2016/2/26,,,,12.34
2016/2/29,,,,12.39
2016/3/1,,,,12.47
2016/3/2,,,,12.53
2016/3/3,,,,12.58
2016/3/4,,,,12.67
2016/3/7,,,,12.69
2016/3/8,,,,12.69
2016/3/9,,,,12.69
2016/3/10,,,,12.73
2016/3/11,,,,12.84
2016/3/14,,,,12.86
2016/3/15,,,,12.82
2016/3/16,,,,12.83
2016/3/17,,,,12.92
2016/3/18,,,,12.99
2016/3/21,,,,13.01
2016/3/22,,,,13
2016/3/23,,,,12.99
2016/3/24,,,,12.94
2016/3/29,,,,12.99
2016/3/30,,,,12.98
2016/3/31,,,,13.01
2016/4/1,,,,13.02
2016/4/4,,,,13.04
2016/4/5,,,,13.01
2016/4/6,,,,13.03
2016/4/7,,,,13.02
2016/4/8,,,,13.04
2016/4/11,,,,13.07
2016/4/12,,,,13.1
2016/4/13,,,,13.17
2016/4/14,,,,13.2
2016/4/15,,,,13.21
2016/4/18,,,,13.21
2016/4/19,,,,13.27
2016/4/20,,,,13.32
2016/4/21,,,,13.33
2016/4/22,,,,13.33
2016/4/25,,,,13.31
2016/4/26,,,,13.33
2016/4/27,,,,13.43
2016/4/28,,,,13.41
2016/4/29,,,,13.42
2016/5/2,,,,13.41
2016/5/3,,,,13.35
2016/5/4,,,,13.31
2016/5/6,,,,13.26
2016/5/9,,,,13.27
2016/5/10,,,,13.3
2016/5/11,,,,13.33
2016/5/12,,,,13.34
2016/5/13,,,,13.33
2016/5/17,,,,13.35
2016/5/18,,,,13.31
2016/5/19,,,,13.26
2016/5/20,,,,13.3
2016/5/23,,,,13.3
2016/5/24,,,,13.33
2016/5/25,,,,13.37
2016/5/26,,,,13.46
2016/5/27,,,,13.39
2016/5/31,,,,13.4
2016/6/1,,,,13.38
2016/6/2,,,,13.39
2016/6/3,,,,13.44
2016/6/6,,,,13.48
2016/6/7,,,,13.53
2016/6/8,,,,13.55
2016/6/9,,,,13.58
2016/6/10,,,,13.5
2016/6/13,,,,13.5
2016/6/14,,,,13.43
2016/6/15,,,,13.45
2016/6/16,,,,13.41
2016/6/17,,,,13.45
2016/6/20,,,,13.53
2016/6/21,,,,13.54
2016/6/22,,,,13.56
2016/6/24,,,,13.48
2016/6/27,,,,13.4
2016/6/28,,,,13.46
2016/6/29,,,,13.55
2016/6/30,,,,13.59
2016/7/1,,,,13.65
2016/7/5,,,,13.63
2016/7/6,,,,13.63
2016/7/7,,,,13.67
2016/7/8,,,,13.75
2016/7/11,,,,13.82
2016/7/12,,,,13.9
2016/7/13,,,,13.89
2016/7/14,,,,13.93
2016/7/15,,,,13.92
2016/7/18,,,,13.94
2016/7/19,,,,14.01
2016/7/20,,,,13.95
2016/7/21,,,,13.96
2016/7/22,,,,14.03
2016/7/25,,,,13.94
2016/7/26,,,,13.96
2016/7/27,,,,13.99
2016/7/28,,,,13.99
2016/7/29,,,,13.93
2016/8/1,,,,13.92
2016/8/2,,,,13.89
2016/8/3,,,,13.89
2016/8/4,,,,13.93
2016/8/5,,,,13.97
2016/8/8,,,,13.99
2016/8/9,,,,14.03
2016/8/10,,,,14.04
2016/8/11,,,,14.04
2016/8/12,,,,14.05
2016/8/16,,,,14.16
2016/8/17,,,,14.08
2016/8/18,,,,14.09
2016/8/19,,,,14.1
2016/8/22,,,,14.1
2016/8/23,,,,14.1
2016/8/24,,,,14.1
2016/8/25,,,,14.18
2016/8/26,,,,14.17
2016/8/29,,,,14.19
2016/8/30,,,,14.19
2016/8/31,,,,14.11
2016/9/1,,,,14.1
2016/9/2,,,,14.12
2016/9/6,,,,14.17
2016/9/7,,,,14.18
2016/9/8,,,,14.18
2016/9/9,,,,14.12
2016/9/12,,,,14.1
2016/9/13,,,,14.05
2016/9/14,,,,14.03
2016/9/15,,,,14.04
2016/9/16,,,,14.03
2016/9/19,,,,14.05
2016/9/20,,,,14.06
2016/9/21,,,,14.09
2016/9/22,,,,14.24
2016/9/23,,,,14.17
2016/9/26,,,,14.21
2016/9/27,,,,14.15
2016/9/28,,,,14.17
2016/9/29,,,,14.26
2016/9/30,,,,14.2
2016/10/3,,,,14.22
2016/10/4,,,,14.21
2016/10/5,,,,14.24
2016/10/6,,,,14.25
2016/10/7,,,,14.25
2016/10/10,,,,14.25
2016/10/11,,,,14.25
2016/10/12,,,,14.25
2016/10/13,,,,14.24
2016/10/14,,,,14.25
2016/10/17,,,,14.25
2016/10/18,,,,14.28
2016/10/19,,,,14.32
2016/10/20,,,,14.34
2016/10/21,,,,14.34
2016/10/24,,,,14.36
2016/10/25,,,,14.44
2016/10/26,,,,14.4
2016/10/27,,,,14.28
2016/10/28,,,,14.33
2016/10/31,,,,14.24
2016/11/2,,,,14.15
2016/11/3,,,,14.15
2016/11/4,,,,14.15
2016/11/7,,,,14.19
2016/11/8,,,,14.22
2016/11/9,,,,14.11
2016/11/10,,,,14.07
2016/11/11,,,,14.05
2016/11/14,,,,13.92
2016/11/15,,,,13.99
2016/11/16,,,,14.01
2016/11/17,,,,14.01
2016/11/18,,,,13.98
2016/11/21,,,,14.02
2016/11/22,,,,14.05
2016/11/23,,,,14.04
2016/11/25,,,,14.12
2016/11/28,,,,14.14
2016/11/29,,,,14.14
2016/11/30,,,,14.09
2016/12/1,,,,14.06
2016/12/2,,,,14.09
2016/12/5,,,,14.14
2016/12/6,,,,14.19
2016/12/7,,,,14.25
2016/12/8,,,,14.27
2016/12/9,,,,14.26
2016/12/12,,,,14.29
2016/12/13,,,,14.31
2016/12/14,,,,14.29
2016/12/15,,,,14.25
2016/12/16,,,,14.25
2016/12/19,,,,14.27
2016/12/20,,,,14.29
2016/12/21,,,,14.31
2016/12/22,,,,14.32
2016/12/23,,,,14.35
2016/12/27,,,,14.42
2016/12/28,,,,14.36
2016/12/29,,,,14.45
2016/12/30,,,,14.39
2017/1/3,,,,14.42
2017/1/4,,,,14.45
2017/1/5,,,,14.51
2017/1/6,,,,14.51
2017/1/9,,,,14.52
2017/1/10,,,,14.53
2017/1/11,,,,14.52
2017/1/12,,,,14.57
2017/1/13,,,,14.58
2017/1/17,,,,14.68
2017/1/18,,,,14.58
2017/1/19,,,,14.58
2017/1/20,,,,14.59
2017/1/23,,,,14.67
2017/1/24,,,,14.69
2017/1/25,,,,14.71
2017/1/26,,,,14.71
2017/1/27,,,,14.66
2017/1/30,,,,14.65
2017/1/31,,,,14.65
2017/2/1,,,,14.66
2017/2/2,,,,14.76
2017/2/3,,,,14.72
2017/2/6,,,,14.73
2017/2/7,,,,14.73
2017/2/8,,,,14.73
2017/2/9,,,,14.74
2017/2/10,,,,14.84
2017/2/13,,,,14.77
2017/2/14,,,,14.85
2017/2/15,,,,14.78
2017/2/16,,,,14.77
2017/2/17,,,,14.75
2017/2/21,,,,14.86
2017/2/22,,,,14.88
2017/2/23,,,,14.91
2017/2/24,,,,14.92
2017/2/27,,,,14.85
2017/2/28,,,,14.86
2017/3/1,,,,14.87
2017/3/2,,,,14.85
2017/3/3,,,,14.87
2017/3/6,,,,14.85
2017/3/7,,,,14.82
2017/3/8,,,,14.76
2017/3/9,,,,14.69
2017/3/10,,,,14.73
2017/3/13,,,,14.71
2017/3/14,,,,14.66
2017/3/15,,,,14.73
2017/3/16,,,,14.86
2017/3/17,,,,14.8
2017/3/20,,,,14.88
2017/3/21,,,,14.8
2017/3/22,,,,14.78
2017/3/23,,,,14.79
2017/3/24,,,,14.9
2017/3/27,,,,14.89
2017/3/28,,,,14.89
2017/3/29,,,,14.93
2017/3/30,,,,14.96
2017/3/31,,,,14.88
2017/4/3,,,,14.89
2017/4/4,,,,14.9
2017/4/5,,,,14.91
2017/4/6,,,,14.9
2017/4/7,,,,14.9
2017/4/10,,,,14.92
2017/4/11,,,,14.93
2017/4/12,,,,14.93
2017/4/13,,,,14.95
2017/4/18,,,,14.96
2017/4/19,,,,14.96
2017/4/20,,,,14.97
2017/4/21,,,,14.99
2017/4/24,,,,15.02
2017/4/25,,,,15.1
2017/4/26,,,,15.1
2017/4/27,,,,15.11
2017/4/28,,,,15.06
2017/5/2,,,,15.09
2017/5/3,,,,15.09
2017/5/4,,,,15.05
2017/5/5,,,,15.05
2017/5/8,,,,15.04
2017/5/9,,,,15.04
2017/5/10,,,,15.05
2017/5/11,,,,15.07
2017/5/12,,,,15.1
2017/5/15,,,,15.12
2017/5/16,,,,15.14
2017/5/17,,,,15.11
2017/5/18,,,,15
2017/5/19,,,,15.03
2017/5/22,,,,15.05
2017/5/23,,,,15.06
2017/5/24,,,,15.17
2017/5/26,,,,15.2
2017/5/30,,,,15.13
2017/5/31,,,,15.14
2017/6/1,,,,15.15
2017/6/2,,,,15.18
2017/6/6,,,,15.18
2017/6/7,,,,15.16
2017/6/8,,,,15.15
2017/6/9,,,,15.15
2017/6/12,,,,15.15
2017/6/13,,,,15.16
2017/6/14,,,,15.18
2017/6/15,,,,15.16
2017/6/16,,,,15.16
2017/6/19,,,,15.15
2017/6/20,,,,15.12
2017/6/21,,,,15.1
2017/6/22,,,,15.1
2017/6/26,,,,15.21
2017/6/27,,,,15.13
2017/6/28,,,,15.13
2017/6/29,,,,15.12
2017/6/30,,,,15.12
2017/7/3,,,,15.11
2017/7/5,,,,15.1
2017/7/6,,,,15.08
2017/7/7,,,,15.06
2017/7/10,,,,15.08
2017/7/11,,,,15.09
2017/7/12,,,,15.14
2017/7/13,,,,15.16
2017/7/14,,,,15.19
2017/7/17,,,,15.22
2017/7/18,,,,15.23
2017/7/19,,,,15.25
2017/7/20,,,,15.26
2017/7/21,,,,15.27
2017/7/24,,,,15.26
2017/7/25,,,,15.25
2017/7/26,,,,15.35
2017/7/27,,,,15.27
2017/7/28,,,,15.28
2017/7/31,,,,15.29
2017/8/1,,,,15.3
2017/8/2,,,,15.3
2017/8/3,,,,15.31
2017/8/4,,,,15.3
2017/8/7,,,,15.3
2017/8/8,,,,15.28
2017/8/9,,,,15.24
2017/8/10,,,,15.2
2017/8/11,,,,15.2
2017/8/14,,,,15.24
2017/8/16,,,,15.26
2017/8/17,,,,15.23
2017/8/18,,,,15.24
2017/8/21,,,,15.24
2017/8/22,,,,15.24
2017/8/23,,,,15.32
2017/8/24,,,,15.26
2017/8/25,,,,15.29
2017/8/28,,,,15.29
2017/8/29,,,,15.28
2017/8/30,,,,15.29
2017/8/31,,,,15.31
2017/9/1,,,,15.34
2017/9/5,,,,15.34
2017/9/6,,,,15.35
2017/9/7,,,,15.38
2017/9/8,,,,15.38
2017/9/11,,,,15.38
