date,o,h,l,close,vol
2015/04/01,20.10,20.15,19.99,20.10,34646
2015/04/02,20.20,20.23,19.96,20.01,21904
2015/04/07,20.12,20.20,20.03,20.09,13856
2015/04/08,20.11,20.12,19.98,20.10,15060
2015/04/09,20.13,20.19,19.98,20.05,19740
2015/04/10,20.09,20.10,19.96,20.02,13345
2015/04/13,20.12,20.34,20.06,20.34,23355
2015/04/14,20.50,20.65,20.34,20.47,18108
2015/04/15,20.50,20.61,20.37,20.47,20671
2015/04/16,20.55,21.19,20.46,21.18,29611
2015/04/17,21.31,22.35,21.31,22.22,46370
2015/04/20,21.86,22.21,21.71,22.10,23849
2015/04/21,21.80,21.92,21.54,21.71,28203
2015/04/22,22.00,22.29,21.97,22.24,18586
2015/04/23,22.37,22.83,22.27,22.58,16267
2015/04/24,22.46,22.50,21.71,21.90,24441
2015/04/27,21.90,22.44,21.90,22.35,19426
2015/04/28,22.46,22.63,22.13,22.30,18897
2015/04/29,22.10,22.27,22.00,22.20,12888
2015/04/30,22.10,22.30,22.03,22.20,8065
2015/05/04,22.20,22.35,22.01,22.22,13196
2015/05/05,22.30,22.38,21.81,21.85,11616
2015/05/06,21.32,21.84,21.24,21.71,14377
2015/05/07,21.40,21.48,21.11,21.13,13426
2015/05/08,21.13,21.33,20.83,20.83,11442
2015/05/11,21.34,21.39,21.00,21.37,13106
2015/05/12,21.49,21.63,21.34,21.49,12042
2015/05/13,21.49,21.61,21.37,21.37,10282
2015/05/14,21.20,21.31,21.05,21.10,11366
2015/05/15,21.15,21.17,20.54,20.59,14324
2015/05/18,20.33,20.55,20.32,20.39,10064
2015/05/19,20.44,21.09,20.33,20.98,12706
2015/05/20,21.00,21.30,21.00,21.25,9210
2015/05/21,21.25,21.33,21.10,21.26,8589
2015/05/22,21.48,21.80,21.31,21.70,15446
2015/05/25,21.80,22.24,21.77,22.21,19773
2015/05/26,22.39,22.65,22.14,22.62,35340
2015/05/27,22.70,22.96,22.40,22.42,25287
2015/05/28,22.51,22.62,22.01,22.07,12918
2015/05/29,21.50,21.51,20.90,21.25,26713
2015/06/01,21.35,21.69,21.06,21.69,17386
2015/06/02,21.81,22.16,21.80,21.86,16329
2015/06/03,22.00,22.19,21.69,21.85,14949
2015/06/04,22.00,22.43,21.05,21.57,35002
2015/06/05,22.11,22.63,21.74,22.11,42412
2015/06/08,22.29,22.90,22.15,22.86,30416
2015/06/09,23.16,23.43,22.71,22.93,23235
2015/06/10,22.85,22.89,22.55,22.79,12775
2015/06/11,22.77,22.82,22.40,22.56,13515
2015/06/12,22.56,22.75,22.39,22.58,9573
2015/06/15,22.55,22.77,22.01,22.17,14770
2015/06/16,22.00,22.00,21.62,21.75,11669
2015/06/17,21.51,21.70,21.30,21.55,11490
2015/06/18,21.65,21.78,21.23,21.34,11079
2015/06/22,20.15,20.50,20.13,20.50,9905
2015/06/23,20.51,20.60,19.79,20.49,43859
2015/06/24,20.71,20.92,20.62,20.63,13586
2015/06/25,21.02,21.32,21.02,21.22,12301
2015/06/26,20.88,20.88,20.16,20.16,41160
2015/06/29,19.89,19.94,18.00,18.36,58737
2015/06/30,18.80,20.13,18.80,20.00,40080
2015/07/01,20.29,20.32,20.01,20.19,21723
2015/07/02,19.90,20.12,19.59,19.74,50078
2015/07/03,20.00,20.00,18.48,19.50,88395
2015/07/06,19.50,20.13,19.17,19.31,47739
2015/07/07,19.72,19.85,19.21,19.63,36482
2015/07/08,19.50,19.53,18.68,18.86,39452
2015/07/09,18.12,19.16,17.16,19.00,43848
2015/07/13,19.93,20.06,19.62,20.05,22862
2015/07/14,20.00,20.00,19.02,19.02,17868
2015/07/15,19.10,19.46,18.93,18.93,14480
2015/07/16,19.20,19.55,18.81,19.33,16949
2015/07/17,19.37,19.58,19.36,19.50,12647
2015/07/20,19.75,19.78,19.30,19.40,16689
2015/07/21,19.50,19.59,19.26,19.59,14089
2015/07/22,19.57,19.57,19.26,19.27,10030
2015/07/23,19.35,19.81,19.35,19.76,12905
2015/07/24,19.89,19.90,19.68,19.88,10640
2015/07/27,19.60,19.60,18.95,18.96,14604
2015/07/28,18.00,18.53,17.78,18.11,24446
2015/07/29,18.30,18.47,18.02,18.06,16633
2015/07/30,18.50,18.55,18.33,18.53,10261
2015/07/31,18.49,18.49,18.06,18.14,16492
2015/08/03,18.15,18.15,17.91,17.99,9531
2015/08/04,18.00,18.54,18.00,18.51,12093
2015/08/05,18.53,18.75,18.52,18.52,7892
2015/08/06,18.50,18.62,18.31,18.62,12046
2015/08/07,18.53,18.81,18.42,18.75,16162
2015/08/10,18.72,19.20,18.60,19.19,11131
2015/08/11,19.39,19.50,19.15,19.26,15212
2015/08/12,19.30,19.30,18.84,19.03,12626
2015/08/13,18.90,19.08,18.70,18.85,13526
2015/08/14,19.01,19.07,18.96,18.97,7215
2015/08/17,18.99,19.00,18.49,18.59,13080
2015/08/18,18.68,18.90,18.42,18.42,11069
2015/08/19,18.00,18.09,17.58,17.81,17701
2015/08/20,17.92,17.99,17.71,17.85,9836
2015/08/21,17.55,17.68,16.95,17.09,21860
2015/08/24,16.55,16.58,14.98,15.19,26314
2015/08/25,14.90,15.50,14.63,15.12,21493
2015/08/26,15.18,15.45,14.36,15.30,23624
2015/08/27,15.32,15.51,15.14,15.20,21108
2015/08/28,15.86,16.10,15.80,15.94,13296
2015/08/31,16.05,16.08,15.58,15.85,12869
2015/09/01,16.00,16.24,15.76,16.00,18408
2015/09/02,15.82,16.60,15.75,16.44,16337
2015/09/03,16.30,16.50,16.30,16.32,1792
2015/09/04,16.33,16.33,16.09,16.10,5503
2015/09/07,15.81,16.77,15.81,16.48,17217
2015/09/08,16.43,16.50,16.02,16.07,16595
2015/09/09,16.61,16.84,16.60,16.84,13441
2015/09/10,16.79,16.79,16.54,16.70,9120
2015/09/11,16.61,16.79,16.61,16.74,9350
2015/09/14,16.85,16.85,16.17,16.41,15098
2015/09/15,16.27,16.47,16.26,16.43,6353
2015/09/16,16.43,16.48,16.21,16.23,7648
2015/09/17,16.69,16.84,16.56,16.77,8971
2015/09/18,16.56,16.67,16.51,16.65,8165
2015/09/21,16.50,16.54,16.24,16.43,5386
2015/09/22,16.56,16.71,16.47,16.66,6585
2015/09/23,16.54,16.54,16.25,16.28,7858
2015/09/24,16.30,16.46,16.24,16.31,6207
2015/09/25,16.30,16.39,16.11,16.17,4163
2015/09/30,16.00,16.20,16.00,16.15,5952
2015/10/01,16.25,16.25,16.12,16.16,1406
2015/10/02,16.13,16.31,16.11,16.30,2346
2015/10/05,16.35,16.55,16.35,16.51,2321
2015/10/06,16.58,16.74,16.58,16.65,3122
2015/10/07,16.66,17.00,16.65,16.98,3188
2015/10/08,17.10,17.19,16.55,16.55,9710
2015/10/12,16.55,17.21,16.55,17.12,11605
2015/10/13,17.13,17.16,16.90,16.96,8994
2015/10/14,16.95,17.04,16.80,16.91,6038
2015/10/15,16.86,17.03,16.76,17.02,7881
2015/10/16,17.10,17.22,17.04,17.09,7798
2015/10/19,17.23,17.31,17.10,17.15,8771
2015/10/20,17.15,17.15,17.04,17.06,6001
2015/10/21,17.28,17.47,17.24,17.34,10175
2015/10/22,17.07,17.25,17.05,17.11,8231
2015/10/23,17.42,17.45,17.19,17.24,8605
2015/10/26,17.45,17.58,17.40,17.50,7195
2015/10/27,17.42,17.43,17.10,17.21,4998
2015/10/28,17.49,17.49,17.19,17.21,5542
2015/10/29,17.23,17.25,17.10,17.17,8244
2015/10/30,17.17,17.32,17.10,17.30,5451
2015/11/02,17.02,17.16,16.87,17.04,11989
2015/11/03,17.03,17.09,16.95,17.02,5497
2015/11/04,16.96,17.31,16.96,17.24,9685
2015/11/05,17.44,18.36,17.40,18.31,12715
2015/11/06,18.22,18.32,18.00,18.32,10867
2015/11/09,18.32,19.03,18.32,18.84,14950
2015/11/10,18.78,18.88,18.59,18.68,7616
2015/11/11,18.69,18.76,18.46,18.46,7148
2015/11/12,18.60,18.73,18.28,18.28,9615
2015/11/13,18.27,18.36,18.11,18.22,3178
2015/11/16,18.00,18.19,17.82,18.16,7859
2015/11/17,18.31,18.74,18.31,18.59,3468
2015/11/18,18.40,18.49,18.29,18.37,8038
2015/11/19,18.46,18.50,18.28,18.36,8215
2015/11/20,18.50,18.52,18.37,18.40,5018
2015/11/23,18.35,18.53,18.26,18.41,3600
2015/11/24,18.41,18.41,18.03,18.12,3388
2015/11/25,18.14,18.32,18.10,18.28,4795
2015/11/26,18.30,18.43,18.25,18.33,5070
2015/11/27,18.33,18.38,17.72,17.72,7004
2015/11/30,17.52,17.60,17.14,17.25,8357
2015/12/01,17.47,17.47,17.30,17.46,7053
2015/12/02,17.50,17.97,17.48,17.91,8871
2015/12/03,18.16,18.40,18.13,18.31,7155
2015/12/04,18.32,18.32,18.00,18.07,10551
2015/12/07,18.14,18.17,17.86,17.96,5909
2015/12/08,17.86,17.87,17.61,17.80,4790
2015/12/09,17.54,18.00,17.54,17.84,3723
2015/12/10,17.80,18.10,17.70,17.82,3848
2015/12/11,17.75,17.82,17.44,17.47,4347
2015/12/14,17.40,17.68,17.32,17.54,2787
2015/12/15,17.92,17.95,17.83,17.84,2168
2015/12/16,17.84,17.95,17.83,17.83,2353
2015/12/17,17.85,18.28,17.85,18.17,2751
2015/12/18,18.07,18.44,18.07,18.24,2671
2015/12/21,18.22,18.70,18.14,18.69,6844
2015/12/22,18.73,18.86,18.60,18.65,5347
2015/12/23,18.79,18.91,18.63,18.63,5209
2015/12/24,18.60,18.90,18.48,18.55,6054
2015/12/25,18.65,18.73,18.62,18.69,968
2015/12/28,18.76,18.79,18.43,18.43,4963
2015/12/29,18.28,18.28,18.18,18.20,4666
2015/12/30,18.33,18.33,17.94,17.98,4794
2015/12/31,18.07,18.22,18.04,18.12,3770
2016/01/04,18.20,18.20,17.39,17.45,6628
2016/01/05,17.35,17.50,17.11,17.24,5703
2016/01/06,17.25,17.45,17.20,17.45,3652
2016/01/07,17.45,17.45,16.34,16.50,4975
2016/01/08,16.75,17.09,16.33,17.09,3788
2016/01/11,16.99,16.99,16.42,16.42,4137
2016/01/12,16.34,16.57,16.31,16.37,4387
2016/01/13,16.52,16.72,16.43,16.50,2923
2016/01/14,16.20,16.25,15.88,16.25,4112
2016/01/15,16.30,16.41,15.98,16.22,4945
2016/01/18,15.99,16.31,15.90,16.31,3169
2016/01/19,16.37,16.58,16.14,16.58,3046
2016/01/20,16.51,16.52,16.08,16.16,5943
2016/01/21,16.22,16.44,16.17,16.19,3087
2016/01/22,16.29,16.29,15.90,16.11,3165
2016/01/25,16.20,16.24,16.07,16.10,3245
2016/01/26,16.05,16.05,15.75,15.80,3491
2016/01/27,15.60,15.60,15.10,15.23,6794
2016/01/28,15.22,15.35,15.17,15.18,2030
2016/01/29,15.18,15.49,15.15,15.44,5098
2016/01/30,15.60,15.72,15.50,15.68,1519
2016/02/01,15.58,15.58,15.05,15.10,4926
2016/02/02,15.07,15.40,15.03,15.30,3369
2016/02/03,15.21,15.21,15.05,15.12,3419
2016/02/15,15.00,15.17,14.93,15.17,3218
2016/02/16,15.10,15.56,15.10,15.53,4868
2016/02/17,15.62,15.62,15.36,15.50,6487
2016/02/18,15.65,15.75,15.58,15.62,1804
2016/02/19,15.55,15.62,15.48,15.62,1443
2016/02/22,15.64,15.84,15.60,15.84,3687
2016/02/23,15.90,15.93,15.64,15.64,4080
2016/02/24,15.60,15.77,15.52,15.55,2960
2016/02/25,15.70,15.75,15.26,15.31,3637
2016/02/26,15.31,15.35,15.17,15.18,2855
2016/03/01,15.20,15.37,15.12,15.14,2156
2016/03/02,15.36,15.67,15.36,15.63,5823
2016/03/03,15.74,15.84,15.60,15.72,3712
2016/03/04,15.77,15.95,15.65,15.95,2917
2016/03/07,16.07,16.20,15.92,15.95,3319
2016/03/08,16.10,16.10,15.55,15.72,2464
2016/03/09,15.85,15.85,15.66,15.75,901
2016/03/10,15.80,16.01,15.80,15.97,982
2016/03/11,15.80,15.84,15.62,15.81,1428
2016/03/14,15.94,16.20,15.87,16.11,1563
2016/03/15,16.05,16.08,15.72,15.75,2081
2016/03/16,15.85,16.09,15.85,16.04,5614
2016/03/17,16.12,16.25,16.00,16.20,1843
2016/03/18,16.22,16.45,16.22,16.36,3029
2016/03/21,16.48,16.73,16.41,16.62,2545
2016/03/22,16.70,16.72,16.44,16.55,2166
2016/03/23,16.53,16.56,16.36,16.39,1568
2016/03/24,16.38,16.39,16.25,16.39,1314
2016/03/25,16.26,16.37,16.24,16.31,1234
2016/03/28,16.31,16.49,16.31,16.31,1687
2016/03/29,16.31,16.31,16.06,16.10,1812
2016/03/30,16.23,16.30,16.10,16.20,1794
2016/03/31,16.46,16.55,16.26,16.37,2321
2016/04/01,16.32,16.39,16.06,16.14,2687
2016/04/06,16.35,16.43,16.34,16.37,1834
2016/04/07,16.45,16.49,16.23,16.23,672
2016/04/08,16.28,16.28,16.08,16.16,986
2016/04/11,16.16,16.43,16.16,16.37,1794
2016/04/12,16.40,16.40,16.23,16.23,1030
2016/04/13,16.37,16.62,16.35,16.58,1559
2016/04/14,16.60,16.69,16.47,16.47,2370
2016/04/15,16.59,16.59,16.47,16.53,1802
2016/04/18,16.43,16.44,16.30,16.35,1194
2016/04/19,16.49,16.52,16.32,16.32,929
2016/04/20,16.39,16.49,15.83,15.91,2381
2016/04/21,16.11,16.27,16.10,16.19,1124
2016/04/22,16.04,16.33,16.04,16.30,843
2016/04/25,16.14,16.27,16.12,16.27,563
2016/04/26,16.26,16.38,16.24,16.25,1108
2016/04/27,16.28,16.36,16.27,16.28,392
2016/04/28,16.25,16.30,16.14,16.18,624
2016/04/29,16.18,16.21,16.14,16.16,223
2016/05/03,16.18,16.41,16.12,16.36,820
2016/05/04,16.30,16.30,16.22,16.23,622
2016/05/05,16.24,16.25,16.19,16.21,477
2016/05/06,16.21,16.26,15.99,16.05,1669
2016/05/09,15.95,15.95,15.60,15.63,4403
2016/05/10,15.57,15.70,15.41,15.58,1893
2016/05/11,15.61,15.66,15.53,15.58,2022
2016/05/12,15.53,15.60,15.44,15.57,622
2016/05/13,15.58,15.67,15.57,15.60,1954
2016/05/16,15.61,15.65,15.53,15.59,547
2016/05/17,15.63,15.66,15.51,15.53,981
2016/05/18,15.53,15.53,15.34,15.40,2309
2016/05/19,15.50,15.62,15.50,15.60,666
2016/05/20,15.58,15.65,15.54,15.59,662
2016/05/23,15.63,15.70,15.60,15.60,1860
2016/05/24,15.60,15.60,15.41,15.46,1059
2016/05/25,15.46,15.59,15.46,15.52,1222
2016/05/26,15.50,15.60,15.39,15.41,1180
2016/05/27,15.49,15.49,15.38,15.40,1084
2016/05/30,15.40,15.49,15.35,15.46,1964
2016/05/31,15.44,15.88,15.42,15.85,3017
2016/06/01,15.93,15.98,15.88,15.88,1508
2016/06/02,15.88,15.90,15.80,15.83,1860
2016/06/03,15.88,15.93,15.83,15.86,1993
2016/06/04,15.86,15.92,15.84,15.90,215
2016/06/06,15.91,15.95,15.79,15.79,436
2016/06/07,15.87,15.91,15.80,15.82,1074
2016/06/08,15.83,15.85,15.70,15.77,868
2016/06/13,15.70,15.70,15.52,15.54,891
2016/06/14,15.40,15.47,15.36,15.47,1366
2016/06/15,15.37,15.55,15.19,15.48,2111
2016/06/16,15.53,15.53,15.42,15.45,656
2016/06/17,15.50,15.62,15.48,15.52,838
2016/06/20,15.55,15.57,15.42,15.46,709
2016/06/21,15.46,15.67,15.46,15.53,412
2016/06/22,15.52,15.55,15.48,15.50,1050
2016/06/23,15.60,15.61,15.43,15.46,1475
2016/06/24,15.52,15.55,15.14,15.34,4684
2016/06/27,15.18,15.46,15.18,15.44,2109
2016/06/28,15.42,15.45,15.39,15.41,1158
2016/06/29,15.51,15.55,15.45,15.50,1513
2016/06/30,15.50,15.60,15.50,15.57,1546
2016/07/01,15.69,15.69,15.54,15.54,2255
2016/07/04,15.55,15.84,15.54,15.79,4017
2016/07/05,15.80,15.87,15.77,15.87,1893
2016/07/06,15.80,15.97,15.80,15.94,6077
2016/07/07,15.95,15.99,15.86,15.88,2316
2016/07/11,15.85,15.95,15.81,15.94,2166
2016/07/12,15.90,16.03,15.89,15.91,1646
2016/07/13,16.10,16.32,16.10,16.24,2265
2016/07/14,16.20,16.21,16.11,16.15,671
2016/07/15,16.19,16.19,16.13,16.13,1823
2016/07/18,16.14,16.24,16.13,16.18,2018
2016/07/19,16.12,16.16,15.95,16.00,1013
2016/07/20,16.04,16.04,15.94,15.96,1172
2016/07/21,16.05,16.16,16.01,16.13,1499
2016/07/22,16.11,16.11,15.96,15.96,1050
2016/07/25,15.96,16.00,15.93,15.96,741
2016/07/26,16.00,16.08,15.93,16.06,920
2016/07/27,16.09,16.12,15.76,15.88,2365
2016/07/28,15.97,16.00,15.89,15.95,1444
2016/07/29,15.95,15.97,15.90,15.91,326
2016/08/01,15.93,15.93,15.80,15.81,1196
2016/08/02,15.84,15.89,15.79,15.79,643
2016/08/03,15.79,15.85,15.73,15.82,535
2016/08/04,15.83,15.83,15.70,15.75,546
2016/08/05,15.78,15.79,15.73,15.78,650
2016/08/08,15.77,15.78,15.64,15.74,549
2016/08/09,15.77,15.79,15.68,15.77,1874
2016/08/10,15.82,15.84,15.75,15.77,1253
2016/08/11,15.75,15.98,15.73,15.92,2276
2016/08/12,15.90,15.96,15.85,15.92,695
2016/08/15,16.03,16.74,16.03,16.70,6164
2016/08/16,16.75,16.80,16.40,16.52,4299
2016/08/17,16.60,16.61,16.45,16.57,3541
2016/08/18,16.51,16.63,16.50,16.53,2310
2016/08/19,16.49,16.49,16.41,16.48,2466
2016/08/22,16.48,16.59,16.45,16.50,1268
2016/08/23,16.49,16.62,16.45,16.58,980
2016/08/24,16.57,16.57,16.43,16.46,1208
2016/08/25,16.46,16.46,16.32,16.39,1228
2016/08/26,16.38,16.44,16.38,16.39,982
2016/08/29,16.37,16.40,16.27,16.35,1325
2016/08/30,16.38,16.43,16.36,16.43,1505
2016/08/31,16.43,16.52,16.36,16.50,1245
2016/09/01,16.50,16.50,16.43,16.46,561
2016/09/02,16.40,16.47,16.37,16.41,1159
2016/09/05,16.44,16.49,16.41,16.45,1327
2016/09/06,16.45,16.45,16.27,16.34,1818
2016/09/07,16.34,16.40,16.32,16.33,1506
2016/09/08,16.30,16.31,16.27,16.30,767
2016/09/09,16.30,16.35,16.28,16.32,997
2016/09/10,16.15,16.16,16.10,16.11,279
2016/09/12,16.10,16.11,15.99,16.05,2003
2016/09/13,16.05,16.13,16.05,16.05,1592
2016/09/14,16.02,16.08,16.00,16.03,911
2016/09/19,16.03,16.12,16.03,16.04,1616
2016/09/20,16.04,16.04,15.91,15.94,1430
2016/09/21,15.96,15.98,15.89,15.97,2298
2016/09/22,16.06,16.13,15.98,16.07,1725
2016/09/23,16.08,16.08,16.00,16.00,858
2016/09/26,16.00,16.00,15.89,15.93,1618
2016/09/29,16.07,16.08,15.87,15.90,3057
2016/09/30,15.93,15.95,15.87,15.91,1314
2016/10/03,15.92,15.93,15.89,15.90,789
2016/10/04,15.92,15.92,15.88,15.89,222
2016/10/05,15.89,15.96,15.89,15.94,869
2016/10/06,15.94,16.02,15.94,16.02,526
2016/10/07,16.02,16.06,16.01,16.05,1076
2016/10/11,16.07,16.19,16.07,16.12,1459
2016/10/12,16.15,16.15,16.03,16.05,798
2016/10/13,16.09,16.10,16.01,16.04,1162
2016/10/14,16.05,16.08,16.02,16.05,409
2016/10/17,16.14,16.14,16.08,16.11,829
2016/10/18,16.00,16.10,15.98,16.10,457
2016/10/19,16.14,16.20,16.10,16.10,2251
2016/10/20,16.11,16.15,16.10,16.10,780
2016/10/21,16.10,16.28,16.10,16.15,1342
2016/10/24,16.18,16.47,16.16,16.44,2340
2016/10/25,16.44,16.44,16.34,16.34,1524
2016/10/26,16.35,16.35,16.28,16.30,842
2016/10/27,16.25,16.26,16.15,16.20,1002
2016/10/28,16.20,16.36,16.20,16.28,1705
2016/10/31,16.28,16.28,16.15,16.20,1911
2016/11/01,16.20,16.31,16.20,16.29,1151
2016/11/02,16.28,16.28,16.19,16.19,1330
2016/11/03,16.13,16.33,16.13,16.33,2170
2016/11/04,16.24,16.37,16.24,16.29,1600
2016/11/07,16.34,16.34,16.24,16.30,1134
2016/11/08,16.34,16.42,16.29,16.37,2061
2016/11/09,16.40,16.40,16.04,16.25,3197
2016/11/10,16.35,16.45,16.35,16.40,1468
2016/11/11,16.40,16.51,16.37,16.50,2594
2016/11/14,16.50,16.73,16.50,16.64,1983
2016/11/15,16.61,16.61,16.50,16.53,1479
2016/11/16,16.57,16.57,16.45,16.53,2376
2016/11/17,16.51,16.51,16.43,16.49,1622
2016/11/18,16.50,16.57,16.50,16.54,2099
2016/11/21,16.52,16.70,16.49,16.60,2159
2016/11/22,16.60,16.71,16.60,16.68,1218
2016/11/23,16.70,16.89,16.70,16.80,1225
2016/11/24,16.80,16.87,16.75,16.87,1675
2016/11/25,16.87,16.93,16.78,16.83,1156
2016/11/28,16.89,17.11,16.89,17.05,3937
2016/11/29,17.11,17.25,17.00,17.22,2137
2016/11/30,17.22,17.34,17.14,17.20,2535
2016/12/01,17.15,17.30,17.14,17.15,2311
2016/12/02,17.20,17.21,17.06,17.13,3421
2016/12/05,17.09,17.09,16.88,16.93,2585
2016/12/06,16.75,17.10,16.75,16.97,1201
2016/12/07,16.97,16.97,16.87,16.91,1679
2016/12/08,17.00,17.03,16.91,16.94,1175
2016/12/09,16.90,17.22,16.90,17.20,2717
2016/12/12,17.19,17.24,16.87,16.91,1650
2016/12/13,16.80,16.91,16.74,16.80,1393
2016/12/14,16.80,16.92,16.80,16.87,1222
2016/12/15,16.80,16.80,16.50,16.50,2658
2016/12/16,16.41,16.48,16.37,16.38,2485
2016/12/19,16.41,16.41,16.30,16.31,1978
2016/12/20,16.31,16.31,16.10,16.10,1516
2016/12/21,16.18,16.30,16.13,16.30,676
2016/12/22,16.32,16.32,16.16,16.18,925
2016/12/23,16.24,16.24,16.13,16.18,1358
2016/12/26,16.15,16.16,16.01,16.13,2184
2016/12/27,16.28,16.31,16.25,16.26,915
2016/12/28,16.26,16.29,16.18,16.19,400
2016/12/29,16.24,16.28,16.17,16.22,716
2016/12/30,16.22,16.27,16.19,16.21,1255
2017/01/03,16.21,16.48,16.15,16.40,1149
2017/01/04,16.42,16.48,16.39,16.48,1637
2017/01/05,16.47,16.53,16.46,16.48,1578
2017/01/06,16.46,16.51,16.44,16.45,1243
2017/01/09,16.41,16.49,16.40,16.44,1017
2017/01/10,16.44,16.48,16.41,16.42,1026
2017/01/11,16.41,16.42,16.28,16.32,1260
2017/01/12,16.32,16.37,16.32,16.36,1081
2017/01/13,16.31,16.38,16.23,16.30,1819
2017/01/16,16.30,16.30,16.20,16.29,1099
2017/01/17,16.37,16.46,16.37,16.44,1522
2017/01/18,16.45,16.56,16.44,16.56,1549
2017/01/19,16.51,16.61,16.51,16.60,2778
2017/01/20,16.60,16.63,16.56,16.63,1537
2017/01/23,16.75,16.75,16.62,16.67,1781
2017/01/24,16.66,16.71,16.59,16.61,2986
2017/02/02,16.72,16.74,16.63,16.73,1624
2017/02/03,16.69,16.72,16.49,16.62,4621
2017/02/06,16.62,16.62,16.37,16.40,3331
2017/02/07,16.42,16.42,16.29,16.31,3088
2017/02/08,16.30,16.32,16.24,16.32,2652
2017/02/09,16.39,16.54,16.37,16.47,1506
2017/02/10,16.48,16.65,16.48,16.62,4123
2017/02/13,16.62,16.67,16.60,16.64,3743
2017/02/14,16.70,16.70,16.51,16.51,4867
2017/02/15,16.56,16.60,16.50,16.57,3385
2017/02/16,16.51,16.60,16.47,16.59,3998
2017/02/17,16.62,16.66,16.54,16.55,4061
2017/02/18,16.54,16.56,16.47,16.47,1465
2017/02/20,16.50,16.73,16.48,16.68,2115
2017/02/21,16.68,16.76,16.68,16.69,3076
2017/02/22,16.71,16.71,16.59,16.62,3097
2017/02/23,16.66,16.66,16.55,16.58,1544
2017/02/24,16.48,16.56,16.47,16.51,930
2017/03/01,16.55,16.55,16.44,16.49,2084
2017/03/02,16.49,16.50,16.39,16.39,1244
2017/03/03,16.30,16.34,16.25,16.32,1136
2017/03/06,16.32,16.40,16.32,16.38,599
2017/03/07,16.38,16.39,16.34,16.36,817
2017/03/08,16.33,16.35,16.30,16.34,1527
2017/03/09,16.33,16.33,16.17,16.21,2364
2017/03/10,16.23,16.30,16.22,16.28,1318
2017/03/13,16.27,16.37,16.20,16.35,2541
2017/03/14,16.35,16.39,16.33,16.33,2518
2017/03/15,16.31,16.37,16.29,16.30,391
2017/03/16,16.37,16.45,16.33,16.33,1542
2017/03/17,16.34,16.34,16.25,16.27,2012
2017/03/20,16.21,16.21,16.09,16.10,2460
2017/03/21,16.11,16.18,16.09,16.18,1425
2017/03/22,16.10,16.16,16.03,16.04,1582
2017/03/23,16.11,16.16,16.09,16.09,657
2017/03/24,16.14,16.23,16.14,16.15,973
2017/03/27,16.18,16.29,16.18,16.21,614
2017/03/28,16.18,16.21,16.07,16.07,1467
2017/03/29,16.09,16.12,16.03,16.11,1066
2017/03/30,16.08,16.10,15.96,15.98,690
2017/03/31,16.00,16.11,15.99,16.09,266
2017/04/05,16.14,16.28,16.14,16.23,849
2017/04/06,16.28,16.29,16.23,16.29,620
2017/04/07,16.29,16.33,16.28,16.32,1059
2017/04/10,16.35,16.38,16.32,16.33,1382
2017/04/11,16.34,16.37,16.15,16.15,804
2017/04/12,16.28,16.31,16.25,16.26,700
2017/04/13,16.22,16.24,16.17,16.18,1193
2017/04/14,16.20,16.20,16.04,16.07,1358
2017/04/17,16.07,16.07,15.91,15.93,681
2017/04/18,15.96,16.03,15.96,16.01,457
2017/04/19,15.98,15.98,15.87,15.88,1378
2017/04/20,15.83,15.98,15.83,15.96,887
2017/04/21,16.00,16.06,15.96,15.99,786
2017/04/24,16.00,16.02,15.86,15.89,859
2017/04/25,15.89,15.97,15.89,15.94,745
2017/04/26,15.96,15.99,15.92,15.95,564
2017/04/27,15.95,15.95,15.81,15.92,639
2017/04/28,15.95,15.97,15.87,15.90,601
2017/05/02,15.91,15.95,15.83,15.83,1642
2017/05/03,15.80,15.80,15.74,15.78,1257
2017/05/04,15.75,15.81,15.73,15.81,630
2017/05/05,15.80,15.80,15.59,15.63,893
2017/05/08,15.63,15.73,15.59,15.61,773
2017/05/09,15.63,15.71,15.60,15.66,933
2017/05/10,15.69,15.85,15.69,15.84,1458
2017/05/11,15.80,15.83,15.74,15.78,1449
2017/05/12,15.90,16.03,15.84,16.03,739
2017/05/15,16.10,16.17,16.10,16.11,1285
2017/05/16,16.11,16.12,15.99,16.06,782
2017/05/17,16.06,16.13,16.01,16.04,651
2017/05/18,15.88,16.00,15.86,15.96,864
2017/05/19,15.86,16.04,15.86,16.01,146
2017/05/22,16.16,16.16,16.00,16.06,707
2017/05/23,16.10,16.26,16.09,16.21,1694
2017/05/24,16.22,16.31,16.18,16.27,2673
2017/05/25,16.28,16.69,16.28,16.66,4142
2017/05/26,16.75,16.81,16.67,16.76,1581
2017/05/31,16.76,17.02,16.75,16.82,2961
2017/06/01,16.90,17.03,16.90,17.03,1523
2017/06/02,17.08,17.12,16.94,17.00,2469
2017/06/03,17.00,17.07,16.97,17.03,360
2017/06/05,17.03,17.03,16.81,16.85,527
2017/06/06,16.87,16.93,16.82,16.85,850
2017/06/07,16.85,17.14,16.85,17.10,3125
2017/06/08,17.10,17.17,17.05,17.17,2040
2017/06/09,17.22,17.50,17.22,17.42,4060
2017/06/12,17.49,17.58,17.41,17.43,2559
2017/06/13,17.43,17.48,17.32,17.40,1754
2017/06/14,17.41,17.45,17.25,17.27,1335
2017/06/15,17.28,17.28,17.08,17.14,1581
2017/06/16,17.14,17.18,17.05,17.13,1000
2017/06/19,17.12,17.27,17.07,17.24,1761
2017/06/20,17.35,17.39,17.19,17.23,1776
2017/06/21,17.38,17.43,17.22,17.25,3153
2017/06/22,17.49,17.87,17.44,17.85,4564
2017/06/23,17.71,17.71,17.52,17.60,2293
2017/06/26,17.71,17.95,17.70,17.91,3421
2017/06/27,17.95,17.95,17.77,17.78,1818
2017/06/28,17.78,17.99,17.77,17.98,2172
2017/06/29,18.00,18.07,17.95,18.00,2469
2017/06/30,18.00,18.05,17.93,18.03,2185
2017/07/03,18.10,18.13,17.92,18.00,1489
2017/07/04,18.04,18.04,17.71,17.77,2563
2017/07/05,17.73,17.94,17.73,17.88,782
2017/07/06,18.03,18.05,17.95,17.98,2470
2017/07/07,17.98,18.08,17.98,18.04,1832
2017/07/10,18.05,18.12,17.98,18.09,1277
2017/07/11,18.11,18.32,18.05,18.32,2610
2017/07/12,18.30,18.47,18.29,18.41,2359
2017/07/13,18.33,18.39,18.27,18.39,2031
2017/07/14,18.47,18.57,18.44,18.57,2083
2017/07/17,18.79,18.92,18.57,18.90,5123
2017/07/18,18.85,18.85,18.63,18.69,5025
2017/07/19,18.74,18.99,18.74,18.91,3334
2017/07/20,19.00,19.08,18.97,19.04,3519
2017/07/21,19.30,19.35,19.20,19.34,8992
2017/07/24,19.28,19.28,19.05,19.10,9245
2017/07/25,19.10,19.13,18.99,19.04,7972
2017/07/26,19.05,19.07,18.76,18.81,7360
2017/07/27,18.82,18.89,18.69,18.77,5330
2017/07/28,18.77,18.85,18.75,18.78,2536
2017/07/31,18.85,18.91,18.80,18.91,2799
2017/08/01,18.93,19.02,18.85,18.97,2757
2017/08/02,19.09,19.16,19.05,19.14,5017
2017/08/03,19.12,19.14,18.98,18.99,5938
2017/08/04,18.94,18.94,18.77,18.85,4591
2017/08/07,18.80,18.81,18.65,18.75,5394
2017/08/08,18.80,18.81,18.72,18.77,2061
2017/08/09,18.80,18.80,18.72,18.79,1424
2017/08/10,18.76,18.83,18.54,18.63,5891
2017/08/11,18.50,18.69,18.42,18.45,5091
2017/08/14,18.44,18.54,18.38,18.53,3180
2017/08/15,18.56,18.74,18.56,18.70,3482
2017/08/16,18.69,18.69,18.50,18.50,2987
2017/08/17,18.59,18.68,18.59,18.65,4315
2017/08/18,18.67,18.76,18.62,18.76,3106
2017/08/21,18.76,18.88,18.75,18.84,3987
2017/08/22,18.86,19.04,18.86,19.01,4671
2017/08/23,19.15,19.18,19.08,19.14,3132
2017/08/24,19.20,19.25,19.14,19.15,4232
2017/08/25,19.10,19.34,19.09,19.32,4902
2017/08/28,19.46,19.90,19.46,19.86,15184
2017/08/29,19.95,19.95,19.75,19.93,8103
2017/08/30,19.99,20.03,19.91,19.95,9762
2017/08/31,19.95,19.95,19.68,19.73,7510
2017/09/01,19.74,19.80,19.64,19.64,10811
2017/09/04,19.64,19.74,19.63,19.68,5219
2017/09/05,19.75,19.88,19.75,19.82,7199
2017/09/06,19.82,19.82,19.66,19.76,6225
2017/09/07,19.78,19.81,19.70,19.71,3456
2017/09/08,19.70,19.79,19.65,19.73,3960
2017/09/11,19.75,19.82,19.65,19.66,4441
2017/09/12,19.66,19.70,19.51,19.57,5863
2017/09/13,19.62,19.64,19.54,19.62,2132
2017/09/14,19.61,19.65,19.54,19.55,2309
2017/09/15,19.55,19.56,19.42,19.48,4999
2017/09/18,19.48,19.60,19.47,19.51,3102
2017/09/19,19.55,19.55,19.36,19.38,4590
2017/09/20,19.39,19.45,19.31,19.33,11402
2017/09/21,19.35,19.53,19.33,19.52,4003
2017/09/22,19.52,19.56,19.37,19.42,3240
2017/09/25,19.43,19.43,19.31,19.31,2202
2017/09/26,19.32,19.39,19.24,19.35,1996
2017/09/27,19.37,19.38,19.30,19.31,1486
2017/09/28,19.31,19.33,19.27,19.32,1962
2017/09/29,19.33,19.42,19.30,19.36,2333
2017/09/30,19.40,19.41,19.38,19.41,995
2017/10/02,19.46,19.46,19.41,19.45,1232
2017/10/03,19.49,19.64,19.48,19.62,4060
2017/10/05,19.94,19.95,19.86,19.89,5663
2017/10/06,19.93,19.94,19.77,19.83,4484
2017/10/11,19.80,19.83,19.70,19.79,5923
2017/10/12,19.77,19.82,19.75,19.82,3837
2017/10/13,19.82,19.88,19.81,19.85,2472
2017/10/16,19.85,20.00,19.84,19.91,4102
2017/10/17,19.91,19.92,19.80,19.88,2490
2017/10/18,19.82,19.89,19.80,19.82,6809
2017/10/19,19.94,20.00,19.91,19.98,7414
2017/10/20,19.90,19.97,19.88,19.91,5258
2017/10/23,19.91,19.96,19.83,19.86,2409
2017/10/24,19.86,20.00,19.82,20.00,5870
2017/10/25,20.00,20.05,19.99,20.02,4358
2017/10/26,20.03,20.28,20.02,20.27,6966
2017/10/27,20.33,20.44,20.22,20.39,5181
2017/10/30,20.57,20.60,20.31,20.50,7719
2017/10/31,20.50,20.50,20.40,20.46,5223
2017/11/01,20.46,20.68,20.46,20.53,7080
2017/11/02,20.58,20.59,20.49,20.53,3943
2017/11/03,20.56,20.65,20.45,20.47,4430
2017/11/06,20.58,20.58,20.44,20.54,3568
2017/11/07,20.58,20.81,20.57,20.77,6123
2017/11/08,20.84,21.00,20.76,20.91,8124
2017/11/09,20.80,20.87,20.76,20.78,5027
2017/11/10,20.93,21.06,20.89,21.06,7291
2017/11/13,21.13,21.32,21.13,21.22,8336
2017/11/14,21.28,21.29,21.10,21.17,5803
2017/11/15,21.10,21.12,20.94,21.00,9713
2017/11/16,20.94,21.03,20.91,21.00,9470
2017/11/17,21.17,21.26,21.09,21.10,7735
2017/11/20,21.24,21.32,21.12,21.19,9455
2017/11/21,21.44,22.08,21.44,22.06,14179
2017/11/22,22.20,22.35,22.11,22.20,16595
2017/11/23,22.17,22.27,22.02,22.06,8646
2017/11/24,21.68,21.81,21.52,21.59,14008
2017/11/27,21.76,21.76,21.27,21.30,10670
2017/11/28,21.31,21.38,21.11,21.16,9322
2017/11/29,21.29,21.46,21.13,21.13,6960
2017/11/30,21.25,21.29,21.11,21.19,4596
2017/12/01,21.12,21.12,20.88,20.92,9231
2017/12/04,20.88,21.15,20.74,21.12,5419
2017/12/05,21.07,21.27,20.96,21.21,4455
2017/12/06,21.30,21.30,21.03,21.11,4896
2017/12/07,21.11,21.13,20.76,20.79,7975
2017/12/08,20.81,20.93,20.73,20.90,3404
2017/12/11,21.00,21.20,20.98,21.17,3882
2017/12/12,21.42,21.42,21.13,21.17,2899
2017/12/13,21.04,21.05,20.91,21.03,2511
2017/12/14,21.16,21.24,21.06,21.06,2533
2017/12/15,21.08,21.08,20.85,20.89,2680
2017/12/18,20.92,20.95,20.77,20.81,4061
2017/12/19,20.90,21.10,20.82,21.07,2367
2017/12/20,21.19,21.27,21.12,21.14,5044
2017/12/21,21.15,21.51,21.15,21.44,5832
2017/12/22,21.50,21.53,21.41,21.44,5305
2017/12/25,21.44,21.64,21.40,21.43,6411
2017/12/26,21.61,21.61,21.36,21.48,3877
2017/12/27,21.48,21.51,21.30,21.34,6194
2017/12/28,21.29,21.29,21.10,21.24,16171
2017/12/29,21.26,21.34,21.19,21.21,2263
2018/01/02,21.23,21.60,21.23,21.60,8049
2018/01/03,21.74,21.87,21.61,21.77,9493
2018/01/04,21.75,21.83,21.62,21.78,8318
2018/01/05,21.79,21.86,21.73,21.84,3244
2018/01/08,21.92,21.92,21.75,21.86,6000
2018/01/09,21.90,22.02,21.86,22.00,5421
2018/01/10,22.03,22.33,22.02,22.15,7682
2018/01/11,22.20,22.36,22.16,22.23,4606
2018/01/12,22.30,22.49,22.30,22.48,5407
2018/01/15,22.64,23.18,22.64,23.18,10782
2018/01/16,23.10,23.18,22.95,23.13,9042
2018/01/17,23.12,23.55,23.07,23.26,27329
2018/01/18,23.45,23.53,23.30,23.37,12587
2018/01/19,23.44,23.72,23.43,23.66,7283
2018/01/22,23.70,23.70,23.41,23.43,9300
2018/01/23,23.58,23.81,23.58,23.78,9492
2018/01/24,23.76,23.97,23.64,23.88,14116
2018/01/25,23.88,23.90,23.49,23.61,9731
2018/01/26,23.61,23.87,23.61,23.83,6272
2018/01/29,23.87,23.97,23.53,23.68,7091
2018/01/30,23.37,23.42,23.08,23.12,12624
2018/01/31,22.84,23.35,22.81,23.25,13299
2018/02/01,23.33,23.55,23.25,23.39,7365
2018/02/02,23.43,23.57,23.26,23.45,16705
2018/02/05,23.25,23.60,23.15,23.54,11608
2018/02/06,23.30,23.46,23.06,23.17,21616
2018/02/07,23.26,23.68,22.83,23.00,16498
2018/02/08,22.77,22.77,22.04,22.08,25887
2018/02/09,21.55,21.55,20.31,20.75,36727
2018/02/12,21.09,21.28,20.95,21.11,8934
2018/02/21,21.60,22.10,21.60,22.00,19940
2018/02/22,21.97,22.02,21.76,22.02,8643
2018/02/23,22.07,22.34,22.07,22.16,10714
2018/02/26,22.26,22.47,22.11,22.37,8041
2018/02/27,22.44,22.55,22.13,22.14,10743
2018/03/01,21.61,21.96,21.50,21.78,9206
2018/03/02,21.60,21.75,21.50,21.60,6543
2018/03/05,21.60,21.73,21.45,21.51,7398
2018/03/06,21.70,21.72,21.43,21.62,6154
2018/03/07,21.68,22.00,21.64,21.77,6375
2018/03/08,21.78,21.94,21.66,21.89,3417
2018/03/09,21.92,22.07,21.90,21.97,3463
2018/03/12,22.16,22.26,22.03,22.12,5444
2018/03/13,22.15,22.15,22.00,22.01,2916
2018/03/14,21.90,21.90,21.70,21.75,3320
2018/03/15,21.76,21.98,21.68,21.92,3417
2018/03/16,21.99,21.99,21.80,21.82,2977
2018/03/19,21.76,21.77,21.55,21.70,4679
2018/03/20,21.63,21.76,21.62,21.72,2257
2018/03/21,21.76,22.01,21.76,21.91,7896
2018/03/22,21.82,21.84,21.44,21.47,8132
2018/03/23,20.95,21.07,20.71,20.72,14064
2018/03/26,20.64,20.91,20.51,20.58,8844
2018/03/27,20.99,21.08,20.88,20.90,7239
2018/03/28,20.76,20.77,20.45,20.46,9592
2018/03/29,20.44,20.45,20.06,20.43,10962
2018/03/30,20.75,20.77,20.57,20.75,6337
2018/03/31,20.75,20.75,20.71,20.74,1587
2018/04/02,20.79,20.83,20.48,20.59,6905
2018/04/03,20.36,20.45,20.27,20.29,7363
2018/04/09,20.50,20.52,20.29,20.39,5194
2018/04/10,20.39,20.68,20.32,20.59,4223
2018/04/11,20.86,21.11,20.86,21.07,5787
2018/04/12,21.02,21.09,20.85,20.88,4084
2018/04/13,20.90,20.97,20.72,20.77,4190
2018/04/16,20.77,20.77,20.28,20.30,8447
2018/04/17,20.32,20.33,20.07,20.12,5563
2018/04/18,20.29,20.30,19.82,19.95,15302
2018/04/19,20.06,20.39,20.06,20.36,5754
2018/04/20,20.26,20.34,20.00,20.01,6036
2018/04/23,20.01,20.28,19.92,20.15,3551
2018/04/24,20.20,20.76,20.20,20.70,7310
2018/04/25,20.65,20.70,20.55,20.65,4092
2018/04/26,20.72,20.75,20.20,20.22,6224
2018/04/27,20.29,20.36,19.83,19.88,10316
2018/04/30,20.01,20.21,20.01,20.20,4105
2018/05/02,20.19,20.20,19.96,20.00,5265
2018/05/03,20.00,20.04,19.82,19.97,3635
2018/05/04,20.03,20.15,19.98,20.02,2073
2018/05/07,20.10,20.23,19.93,20.22,4680
2018/05/08,20.29,20.72,20.28,20.66,8124
2018/05/09,20.70,20.78,20.61,20.69,7422
2018/05/10,20.80,20.89,20.72,20.73,6671
2018/05/11,20.84,20.90,20.76,20.79,5483
2018/05/14,20.84,21.03,20.82,21.01,6937
2018/05/15,21.03,21.06,20.88,20.91,6690
2018/05/16,20.99,20.99,20.80,20.86,8750
2018/05/17,20.86,20.86,20.66,20.68,5023
2018/05/18,20.59,20.69,20.50,20.65,5550
2018/05/21,21.01,21.09,20.89,20.95,10749
2018/05/22,20.97,20.99,20.70,20.71,5790
2018/05/23,20.76,20.80,20.51,20.53,6677
2018/05/24,20.50,20.50,20.33,20.33,6667
2018/05/25,20.33,20.33,20.20,20.26,5577
2018/05/28,20.41,20.41,20.14,20.31,5936
2018/05/29,20.32,20.32,20.10,20.13,6901
2018/05/30,20.05,20.05,19.78,19.94,12054
2018/05/31,19.96,20.20,19.95,20.20,5609
2018/06/01,20.24,20.32,20.08,20.09,4031
2018/06/04,20.14,20.40,20.14,20.40,4100
2018/06/05,20.44,20.52,20.36,20.52,3356
2018/06/06,20.54,20.61,20.50,20.52,3974
2018/06/07,20.54,20.65,20.52,20.52,2625
2018/06/08,20.47,20.47,20.14,20.17,6904
2018/06/11,20.16,20.36,20.10,20.24,4491
2018/06/12,20.27,20.59,20.27,20.56,6199
2018/06/13,20.56,20.60,20.46,20.47,3647
2018/06/14,20.45,20.64,20.35,20.44,3475
2018/06/15,20.50,20.57,20.43,20.50,6916
2018/06/19,20.41,20.41,20.02,20.09,9064
2018/06/20,19.98,19.98,19.79,19.98,10675
2018/06/21,20.00,20.19,19.96,20.01,4376
2018/06/22,19.95,19.95,19.75,19.89,9330
2018/06/25,19.89,20.01,19.79,19.79,4471
2018/06/26,19.63,19.63,19.00,19.22,12223
2018/06/27,19.29,19.29,18.74,18.75,11595
2018/06/28,18.65,18.76,18.45,18.62,6301
2018/06/29,18.63,18.80,18.51,18.80,5269
2018/07/02,18.89,18.89,18.34,18.34,6967
2018/07/03,18.25,18.25,17.52,17.81,12674
2018/07/04,17.81,18.11,17.81,17.97,5791
2018/07/05,18.04,18.10,17.79,17.88,6180
2018/07/06,18.06,18.17,17.72,18.17,4570
2018/07/09,18.20,18.53,18.19,18.52,4977
2018/07/10,18.70,18.75,18.55,18.55,3700
2018/07/11,18.30,18.36,18.08,18.27,4193
2018/07/12,18.20,18.69,18.19,18.68,5597
2018/07/13,18.79,18.79,18.61,18.67,3266
2018/07/16,18.70,18.79,18.43,18.43,4433
2018/07/17,18.43,18.49,18.28,18.31,1611
2018/07/18,18.37,18.51,18.29,18.33,3071
2018/07/19,18.35,18.43,18.22,18.25,2111
2018/07/20,18.16,18.30,17.98,18.30,5373
2018/07/23,18.40,18.73,18.40,18.68,5509
2018/07/24,18.72,19.02,18.69,18.96,4903
2018/07/25,19.00,19.12,18.91,18.97,2568
2018/07/26,19.11,19.11,18.78,18.81,3068
2018/07/27,18.81,18.81,18.64,18.70,3866
2018/07/30,18.65,18.85,18.59,18.61,3265
2018/07/31,18.60,18.73,18.60,18.63,2994
2018/08/01,18.80,18.92,18.65,18.66,3172
2018/08/02,18.41,18.41,17.83,17.89,14246
2018/08/03,17.95,18.00,17.71,17.82,5375
2018/08/06,17.82,17.96,17.65,17.72,6007
2018/08/07,17.73,17.90,17.63,17.83,4236
2018/08/08,18.08,18.20,18.01,18.06,6040
2018/08/09,17.95,18.32,17.84,18.27,5490
2018/08/10,18.30,18.40,18.16,18.16,4054
2018/08/13,18.05,18.10,17.78,17.91,4946
2018/08/14,18.02,18.09,17.85,17.88,4274
2018/08/15,17.98,17.99,17.59,17.61,5466
2018/08/16,17.44,17.70,17.21,17.64,8078
2018/08/17,17.65,17.69,17.40,17.41,5475
2018/08/20,17.50,17.60,17.37,17.42,4223
2018/08/21,17.59,17.95,17.57,17.93,5364
2018/08/22,17.93,17.98,17.80,17.90,1896
2018/08/23,17.90,18.02,17.72,17.86,3000
2018/08/24,17.81,17.93,17.73,17.91,2471
2018/08/27,18.03,18.41,18.02,18.41,8375
2018/08/28,18.48,18.58,18.39,18.40,4978
2018/08/29,18.42,18.43,18.31,18.35,1760
2018/08/30,18.37,18.40,18.14,18.15,2521
2018/08/31,18.01,18.15,17.90,18.13,3355
2018/09/03,18.05,18.06,17.87,17.91,3554
2018/09/04,17.94,18.14,17.94,18.14,2678
2018/09/05,18.18,18.23,18.00,18.02,2166
2018/09/06,17.93,17.94,17.75,17.79,3457
2018/09/07,17.75,17.96,17.59,17.79,3810
2018/09/10,17.74,17.79,17.56,17.61,4393
2018/09/11,17.70,17.70,17.53,17.57,2749
2018/09/12,17.58,17.58,17.31,17.39,4635
2018/09/13,17.51,17.66,17.41,17.44,4849
2018/09/14,17.71,17.75,17.59,17.71,5195
2018/09/17,17.66,17.66,17.54,17.58,2761
2018/09/18,17.51,17.65,17.44,17.61,3268
2018/09/19,17.88,18.11,17.82,18.11,13577
2018/09/20,18.15,18.20,18.03,18.05,5178
2018/09/21,18.15,18.50,18.10,18.50,10246
2018/09/25,18.45,18.52,18.38,18.40,4206
2018/09/26,18.51,18.83,18.46,18.83,13249
2018/09/27,18.80,18.80,18.56,18.60,5762
2018/09/28,18.66,18.80,18.57,18.75,8221
2018/10/01,18.73,18.73,18.65,18.68,2302
2018/10/02,18.68,18.70,18.39,18.39,2679
2018/10/03,18.35,18.41,18.27,18.29,3135
2018/10/04,18.29,18.29,18.03,18.08,3797
2018/10/05,17.95,18.02,17.92,17.95,3259
2018/10/08,18.07,18.25,17.99,18.07,14616
2018/10/09,17.94,18.05,17.80,17.99,7719
2018/10/11,17.38,17.60,17.27,17.31,17215
2018/10/12,17.31,17.65,17.31,17.65,8194
2018/10/15,17.65,17.68,17.45,17.50,2873
2018/10/16,17.50,17.76,17.49,17.57,3247
2018/10/17,17.70,17.75,17.31,17.34,4419
2018/10/18,17.49,17.53,17.25,17.28,3193
2018/10/19,17.06,17.44,17.05,17.44,6147
2018/10/22,17.70,18.47,17.67,18.44,14996
2018/10/23,18.35,18.38,18.02,18.08,8659
2018/10/24,18.00,18.32,17.85,18.07,9220
2018/10/25,17.70,17.86,17.61,17.73,10579
2018/10/26,18.06,18.15,17.79,17.86,8257
2018/10/29,18.03,18.12,17.38,17.38,12747
2018/10/30,17.39,17.59,17.24,17.58,11362
2018/10/31,17.60,17.60,17.37,17.56,11735
2018/11/01,17.70,17.92,17.70,17.86,5796
2018/11/02,18.21,18.28,17.97,18.20,10682
2018/11/05,18.15,18.18,17.96,18.02,4942
2018/11/06,18.11,18.14,17.78,17.82,4961
2018/11/07,17.95,18.10,17.87,17.99,4806
2018/11/08,18.09,18.09,17.91,17.93,3083
2018/11/09,17.88,17.88,17.46,17.50,6111
2018/11/12,17.52,17.55,17.36,17.55,4176
2018/11/13,17.35,17.71,17.31,17.71,6343
2018/11/14,17.77,17.83,17.59,17.65,5028
2018/11/15,17.64,17.66,17.51,17.64,4365
2018/11/16,17.83,17.85,17.60,17.75,5327
2018/11/19,17.80,17.92,17.74,17.85,3846
2018/11/20,17.83,17.87,17.65,17.67,2682
2018/11/21,17.56,17.66,17.47,17.60,3158
2018/11/22,17.68,17.70,17.50,17.52,2202
2018/11/23,17.52,17.57,17.38,17.39,3474
2018/11/26,17.42,17.44,17.31,17.35,3579
2018/11/27,17.37,17.38,17.28,17.31,3951
2018/11/28,17.29,17.43,17.23,17.41,3009
2018/11/29,17.60,17.62,17.39,17.39,3914
2018/11/30,17.30,17.42,17.27,17.32,4047
2018/12/03,17.85,18.01,17.74,17.99,12288
2018/12/04,17.98,18.03,17.90,17.95,4792
2018/12/05,17.68,17.97,17.68,17.90,6859
2018/12/06,17.78,17.78,17.54,17.54,4649
2018/12/07,17.54,17.60,17.53,17.56,1339
2018/12/10,17.34,17.45,17.27,17.28,3482
2018/12/11,17.28,17.38,17.25,17.34,2734
2018/12/12,17.47,17.54,17.43,17.48,2242
2018/12/13,17.56,17.85,17.51,17.80,6488
2018/12/14,17.75,17.75,17.55,17.60,2253
2018/12/17,17.61,17.62,17.43,17.53,3395
2018/12/18,17.39,17.51,17.30,17.30,5018
2018/12/19,17.30,17.38,17.21,17.23,4949
2018/12/20,17.04,17.12,16.76,16.76,10152
2018/12/21,16.76,16.83,16.48,16.48,11571
2018/12/22,16.44,16.45,16.38,16.42,3402
2018/12/24,16.41,16.58,16.39,16.56,2763
2018/12/25,16.40,16.40,16.19,16.29,7569
2018/12/26,16.42,16.54,16.36,16.37,4490
2018/12/27,16.70,16.71,16.46,16.46,3400
2018/12/28,16.41,16.63,16.39,16.55,2855
2019/01/02,16.62,16.62,16.27,16.33,4439
2019/01/03,16.32,16.50,16.30,16.34,4956
2019/01/04,16.30,16.68,16.26,16.63,7418
2019/01/07,16.90,16.91,16.67,16.74,5292
2019/01/08,16.75,16.79,16.66,16.72,2443
2019/01/09,16.75,17.12,16.75,17.09,5504
2019/01/10,16.96,17.09,16.86,17.05,4674
2019/01/11,17.05,17.22,17.04,17.21,4634
2019/01/14,17.21,17.25,17.12,17.13,4033
2019/01/15,17.15,17.39,17.15,17.33,4794
2019/01/16,17.45,17.47,17.36,17.44,3685
2019/01/17,17.51,17.59,17.42,17.53,5213
2019/01/18,17.54,17.67,17.50,17.65,3879
2019/01/21,17.74,17.90,17.73,17.82,6510
2019/01/22,17.81,17.82,17.55,17.57,6146
2019/01/23,17.50,17.68,17.47,17.57,3396
2019/01/24,17.59,17.76,17.56,17.71,3007
2019/01/25,17.76,18.04,17.75,18.03,6656
2019/01/28,18.10,18.28,18.03,18.12,7847
2019/01/29,17.99,18.12,17.89,18.12,6900
2019/01/30,18.13,18.28,18.08,18.23,8455
2019/02/11,18.26,18.62,18.26,18.59,8640
2019/02/12,18.70,18.72,18.55,18.64,4766
2019/02/13,18.72,18.85,18.69,18.84,8758
2019/02/14,18.93,19.07,18.93,19.01,7149
2019/02/15,18.99,18.99,18.66,18.66,6867
2019/02/18,18.80,19.01,18.75,19.01,4934
2019/02/19,19.01,19.25,18.95,18.96,22328
2019/02/20,19.06,19.27,19.06,19.12,18810
2019/02/21,19.21,19.42,19.15,19.40,8986
2019/02/22,19.20,19.20,18.97,19.06,4590
2019/02/25,19.40,20.23,19.40,20.17,22486
2019/02/26,20.43,20.67,20.25,20.37,27482
2019/02/27,20.28,20.57,20.20,20.57,17385
2019/03/04,20.80,21.60,20.80,21.40,24544
2019/03/05,21.16,21.18,20.95,21.02,10445
2019/03/06,21.07,21.19,20.92,21.00,5717
2019/03/07,20.89,21.02,20.61,20.62,10682
2019/03/08,20.40,20.40,19.97,20.04,16046
2019/03/11,19.89,20.15,19.77,20.10,8277
2019/03/12,20.34,20.49,20.32,20.42,7266
2019/03/13,20.33,20.33,20.09,20.33,5493
2019/03/14,20.25,20.51,20.25,20.39,7108
2019/03/15,20.36,20.72,20.35,20.54,7250
2019/03/18,20.68,20.93,20.50,20.91,8039
2019/03/19,21.00,21.12,20.88,20.94,8466
2019/03/20,20.90,21.05,20.72,20.78,6824
2019/03/21,20.97,21.04,20.91,20.97,5157
2019/03/22,20.98,21.03,20.63,20.81,3389
2019/03/25,20.45,20.56,20.31,20.41,3762
2019/03/26,20.41,20.41,20.24,20.24,3833
2019/03/27,20.29,20.53,20.26,20.47,3920
2019/03/28,20.37,20.48,20.25,20.37,4089
2019/03/29,20.40,21.08,20.39,21.04,10955
2019/04/01,21.28,21.74,21.28,21.59,12770
2019/04/02,21.67,21.70,21.50,21.59,4983
2019/04/03,21.59,21.64,21.45,21.58,5388
2019/04/08,22.09,22.38,21.94,21.96,14921
2019/04/09,22.05,22.31,22.05,22.23,10453
2019/04/10,22.13,22.34,22.09,22.30,8699
2019/04/11,22.33,22.51,21.90,22.02,8673
2019/04/12,22.00,22.00,21.77,21.86,4789
2019/04/15,22.15,22.56,22.15,22.35,13253
2019/04/16,22.07,22.54,21.91,22.54,8618
2019/04/17,22.72,22.80,22.54,22.72,8604
2019/04/18,22.72,22.74,22.55,22.60,4427
2019/04/19,22.61,22.92,22.48,22.70,5211
2019/04/22,22.95,22.97,22.30,22.42,11982
2019/04/23,22.31,22.49,22.25,22.48,5467
2019/04/24,22.43,22.56,22.06,22.32,7457
2019/04/25,22.32,22.33,22.16,22.23,3696
2019/04/26,21.89,21.99,21.80,21.97,11093
2019/04/29,21.90,22.23,21.76,22.23,6446
2019/04/30,22.16,22.19,21.94,22.06,3482
2019/05/02,22.08,22.13,22.01,22.04,1283
2019/05/03,22.01,22.03,21.86,22.03,2899
2019/05/06,21.26,21.48,20.68,20.74,16933
2019/05/07,21.04,21.16,20.85,20.88,4970
2019/05/08,20.40,20.93,20.40,20.80,3215
2019/05/09,20.55,20.56,20.05,20.28,5754
2019/05/10,20.28,20.75,20.10,20.50,8067
2019/05/13,20.30,20.50,20.20,20.30,11273
2019/05/14,20.06,20.49,19.84,20.46,5939
2019/05/15,20.49,20.74,20.36,20.73,3781
2019/05/16,20.71,20.87,20.48,20.78,3583
2019/05/17,20.90,20.92,20.46,20.51,4629
2019/05/20,20.49,20.57,20.19,20.23,2497
2019/05/21,20.21,20.76,20.21,20.62,3147
2019/05/22,20.50,20.70,20.48,20.55,1241
2019/05/23,20.46,20.47,20.16,20.31,3181
2019/05/24,20.26,20.57,20.26,20.38,2300
2019/05/27,20.41,20.43,20.12,20.43,2758
2019/05/28,20.50,20.74,20.42,20.71,4102
2019/05/29,20.50,20.75,20.40,20.75,2492
2019/05/30,20.75,20.78,20.52,20.61,2177
2019/05/31,20.63,20.85,20.56,20.69,1607
2019/06/03,20.56,20.85,20.51,20.64,2602
2019/06/04,20.71,20.72,20.42,20.49,2935
2019/06/05,20.66,20.72,20.51,20.61,1121
2019/06/06,20.55,20.55,20.35,20.40,2391
2019/06/10,20.56,20.73,20.43,20.72,3005
2019/06/11,20.75,21.08,20.71,21.06,3446
2019/06/12,21.12,21.13,20.99,21.00,2410
2019/06/13,20.99,21.08,20.81,21.02,2461
2019/06/14,21.05,21.18,21.03,21.05,1647
2019/06/17,20.97,21.15,20.88,21.03,1323
2019/06/18,21.02,21.12,20.93,21.03,1088
2019/06/19,21.33,21.64,21.33,21.56,4718
2019/06/20,21.58,22.05,21.44,21.85,6727
2019/06/21,22.03,22.12,21.82,21.87,4406
2019/06/24,21.87,21.99,21.75,21.91,2732
2019/06/25,21.96,21.99,21.39,21.52,2927
2019/06/26,21.65,21.70,21.52,21.61,2835
2019/06/27,21.61,21.94,21.61,21.85,2462
2019/06/28,21.84,21.86,21.71,21.80,1922
2019/07/01,22.42,22.60,22.32,22.50,9150
2019/07/02,22.50,22.57,22.40,22.43,3745
2019/07/03,22.43,22.43,22.29,22.38,3485
2019/07/04,22.38,22.41,22.24,22.30,2100
2019/07/05,22.30,22.36,22.17,22.36,1914
2019/07/08,22.30,22.30,21.81,21.98,3743
2019/07/09,21.96,21.99,21.81,21.86,1838
2019/07/10,21.91,22.00,21.82,21.90,2468
2019/07/11,21.95,22.16,21.92,21.96,1960
2019/07/12,21.96,22.12,21.84,22.09,1845
2019/07/15,22.07,22.15,21.66,22.03,1882
2019/07/16,22.06,22.06,21.86,21.88,1294
2019/07/17,21.75,21.88,21.71,21.84,1612
2019/07/18,21.73,21.79,21.69,21.72,1505
2019/07/19,21.75,22.05,21.75,21.90,1803
2019/07/22,21.90,22.05,21.85,21.98,2151
2019/07/23,21.97,21.97,21.83,21.87,1623
2019/07/24,21.92,22.13,21.92,22.03,15209
2019/07/25,22.05,22.22,22.03,22.16,2483
2019/07/26,22.22,22.28,22.12,22.23,1881
2019/07/29,22.23,22.29,22.19,22.20,1830
2019/07/30,22.16,22.44,22.16,22.35,2849
2019/07/31,22.29,22.29,22.07,22.11,1258
2019/08/01,22.00,22.09,21.82,21.88,1373
2019/08/02,21.30,21.55,21.25,21.49,6806
2019/08/05,21.33,21.43,21.17,21.19,3721
2019/08/06,20.70,20.90,20.45,20.90,4716
2019/08/07,20.91,20.92,20.69,20.72,2701
2019/08/08,20.70,20.95,20.70,20.93,2190
2019/08/12,20.72,21.01,20.70,20.94,1214
2019/08/13,20.91,21.09,20.86,20.94,2404
2019/08/14,21.25,21.32,21.13,21.13,980
2019/08/15,20.80,21.09,20.80,21.03,936
2019/08/16,21.41,21.41,21.08,21.29,2179
2019/08/19,21.26,21.51,21.24,21.48,1167
2019/08/20,21.55,21.58,21.46,21.56,1447
2019/08/21,21.55,21.56,21.46,21.56,1569
2019/08/22,21.65,21.65,21.42,21.43,619
2019/08/23,21.43,21.73,21.43,21.70,2762
2019/08/26,21.20,21.35,21.17,21.23,2203
2019/08/27,21.34,21.57,21.34,21.43,1383
2019/08/28,21.46,21.46,21.22,21.28,1443
2019/08/29,21.28,21.29,21.10,21.20,1581
2019/08/30,21.40,21.45,21.29,21.33,1519
2019/09/02,21.30,21.51,21.28,21.50,1078
2019/09/03,21.50,21.50,21.41,21.42,709
2019/09/04,21.42,21.62,21.42,21.52,1396
2019/09/05,21.66,22.11,21.66,22.01,5464
2019/09/06,22.05,22.07,21.83,21.92,1347
2019/09/09,22.06,22.20,22.02,22.06,1923
2019/09/10,22.06,22.13,21.92,21.94,1750
2019/09/11,22.02,22.10,21.81,21.91,1638
2019/09/12,22.00,22.00,21.92,21.97,1468
2019/09/16,22.17,22.17,21.93,21.94,1187
2019/09/17,21.94,21.95,21.73,21.73,1317
2019/09/18,21.63,21.81,21.63,21.73,2133
2019/09/19,21.73,21.85,21.65,21.65,1116
2019/09/20,21.68,21.83,21.68,21.81,1421
2019/09/23,21.80,21.80,21.41,21.41,2374
2019/09/24,21.45,21.66,21.45,21.62,1319
2019/09/25,21.61,21.61,21.50,21.56,1050
2019/09/26,21.64,21.65,21.50,21.52,1777
2019/09/27,21.55,21.55,21.39,21.44,1310
2019/10/01,21.40,21.40,21.29,21.33,672
2019/10/02,21.30,21.30,21.15,21.25,1084
2019/10/03,21.22,21.22,21.03,21.07,1525
2019/10/04,21.08,21.20,21.08,21.15,616
2019/10/07,21.23,21.23,21.03,21.06,1015
2019/10/08,21.18,21.46,21.15,21.45,1682
2019/10/09,21.32,21.37,21.08,21.28,796
2019/10/14,21.71,22.09,21.71,22.01,3975
2019/10/15,22.00,22.00,21.90,21.90,1387
2019/10/16,22.00,22.15,21.75,21.75,3376
2019/10/17,21.77,21.91,21.77,21.82,1051
2019/10/18,21.83,22.04,21.72,21.72,2284
2019/10/21,21.58,21.73,21.5,21.65,0
2019/10/22,21.8,21.83,21.58,21.6,0
2019/10/23,21.61,21.74,21.56,21.63,0
2019/10/24,21.66,21.74,21.56,21.56,0
2019/10/25,21.65,21.65,21.44,21.57,0
2019/10/28,21.76,21.79,21.63,21.76,0
2019/10/29,21.77,21.83,21.71,21.74,0
2019/10/30,21.62,21.72,21.57,21.57,0
2019/10/31,21.55,21.68,21.55,21.6,0
2019/11/01,21.6,21.95,21.58,21.94,0
2019/11/04,22.01,22.19,22.01,22.17,0
2019/11/05,22.17,22.51,22.14,22.43,0
2019/11/06,22.48,22.48,22.29,22.36,0
2019/11/07,22.3,22.38,22.16,22.22,0
2019/11/08,22.39,22.45,22.3,22.33,0
2019/11/11,22.21,22.23,21.91,21.93,0
2019/11/12,21.93,21.99,21.72,21.83,0
2019/11/13,21.85,21.85,21.7,21.78,0
2019/11/14,21.78,21.86,21.75,21.84,0
2019/11/15,21.84,21.96,21.8,21.87,0
2019/11/18,21.87,21.94,21.77,21.94,0
2019/11/19,21.89,22.05,21.86,21.99,0
2019/11/20,21.92,22.0,21.76,21.77,0
2019/11/21,21.69,21.69,21.5,21.58,0
2019/11/22,21.58,21.72,21.43,21.5,0
2019/11/25,21.5,21.54,21.41,21.54,0
2019/11/26,21.66,21.71,21.58,21.65,0
2019/11/27,21.66,21.66,21.53,21.62,0
2019/11/28,21.58,21.63,21.49,21.49,0
2019/11/29,21.49,21.49,21.11,21.11,0
2019/12/02,21.15,21.32,21.15,21.23,0
2019/12/03,21.23,21.27,21.06,21.22,0
2019/12/04,21.19,21.22,21.05,21.17,0
2019/12/05,21.2,21.36,21.2,21.27,0
2019/12/06,21.43,21.47,21.37,21.39,0
2019/12/09,21.45,21.55,21.4,21.42,0
2019/12/10,21.42,21.46,21.36,21.43,0
2019/12/11,21.45,21.5,21.43,21.46,0
2019/12/12,21.52,21.58,21.37,21.41,0
2019/12/13,21.59,21.81,21.59,21.77,0
2019/12/16,21.96,21.96,21.72,21.74,0
2019/12/17,21.76,22.07,21.74,22.07,0
2019/12/18,22.07,22.09,21.9,22.01,0
2019/12/19,22.0,22.06,21.9,21.9,0
2019/12/20,21.95,22.04,21.92,21.92,0
2019/12/23,21.93,22.0,21.79,21.79,0
2019/12/24,21.78,21.78,21.59,21.7,0
2019/12/25,21.77,21.78,21.64,21.66,0
2019/12/26,21.75,21.81,21.72,21.75,0
2019/12/27,21.8,22.04,21.8,21.96,0
2019/12/30,21.95,22.18,21.82,22.15,0
2019/12/31,22.12,22.17,22.0,22.03,0
2020/01/02,22.21,22.53,22.21,22.42,0
2020/01/03,22.5,22.62,22.32,22.32,0
2020/01/06,22.3,22.41,22.2,22.35,0
2020/01/07,22.33,22.4,22.25,22.35,0
2020/01/08,22.12,22.32,22.12,22.2,0
2020/01/09,22.31,22.47,22.31,22.38,0
2020/01/10,22.46,22.49,22.36,22.38,0
2020/01/13,22.45,22.65,22.4,22.58,0
2020/01/14,22.75,22.83,22.68,22.71,0
2020/01/15,22.57,22.68,22.38,22.38,0
2020/01/16,22.5,22.52,22.36,22.4,0
2020/01/17,22.4,22.57,22.4,22.43,0
2020/01/20,22.43,22.61,22.43,22.57,0
2020/01/30,20.01,20.35,19.75,19.9,0
2020/01/31,19.9,20.2,19.89,20.0,0
2020/02/03,19.3,20.1,19.28,19.96,0
2020/02/04,19.75,20.18,19.65,20.12,0
2020/02/05,20.26,20.52,20.15,20.41,0
2020/02/06,20.6,20.72,20.4,20.67,0
2020/02/07,20.57,20.62,20.42,20.54,0
2020/02/10,20.2,20.68,20.19,20.56,0
2020/02/11,20.52,21.01,20.52,20.93,0
2020/02/12,20.93,20.99,20.88,20.96,0
2020/02/13,21.0,21.07,20.85,20.85,0
2020/02/14,20.81,20.99,20.79,20.94,0
2020/02/17,20.99,21.14,20.85,21.14,0
2020/02/18,21.12,21.18,21.0,21.02,0
2020/02/19,21.02,21.26,21.02,21.22,0
2020/02/20,21.16,21.38,21.16,21.38,0
2020/02/21,21.37,21.65,21.36,21.56,0
2020/02/24,21.36,21.42,21.21,21.34,0
2020/02/25,21.0,21.19,20.92,21.08,0
2020/02/26,20.99,21.26,20.85,21.2,0
2020/02/27,21.1,21.2,21.03,21.08,0
2020/03/02,20.41,21.1,20.41,21.03,0
2020/03/03,21.2,21.3,21.11,21.11,0
2020/03/04,21.08,21.27,21.07,21.2,0
2020/03/05,21.2,21.86,21.2,21.8,0
2020/03/06,21.8,21.8,21.5,21.56,0
2020/03/09,21.1,21.11,20.77,20.8,0
2020/03/10,20.5,21.29,20.5,21.27,0
2020/03/11,21.29,21.46,21.06,21.06,0
2020/03/12,21.0,21.0,20.5,20.59,0
2020/03/13,19.8,20.55,19.45,20.32,0
2020/03/16,20.38,20.38,19.82,19.86,0
2020/03/17,19.32,19.75,19.05,19.39,0
2020/03/18,19.39,19.61,19.31,19.31,0
2020/03/19,18.84,19.01,17.9,18.16,0
2020/03/20,18.6,18.91,18.54,18.66,0
2020/03/23,18.42,18.55,18.02,18.3,0
2020/03/24,18.5,18.88,18.5,18.75,0
2020/03/25,19.0,19.44,19.0,19.3,0
2020/03/26,19.9,19.9,19.15,19.42,0
2020/03/27,19.6,19.7,19.42,19.43,0
2020/03/30,19.07,19.19,19.02,19.18,0
2020/03/31,19.25,19.42,19.21,19.28,0
2020/04/01,19.3,19.5,19.15,19.41,0
2020/04/06,19.8,19.8,19.44,19.57,0
2020/04/07,19.87,19.89,19.66,19.72,0
2020/04/08,19.72,19.72,19.55,19.67,0
2020/04/09,19.68,19.72,19.58,19.62,0
2020/04/10,19.63,19.88,19.62,19.66,0
2020/04/13,19.64,19.67,19.55,19.57,0
2020/04/14,19.57,19.81,19.57,19.8,0
2020/04/15,19.85,19.93,19.77,19.87,0
2020/04/16,19.89,19.89,19.55,19.73,0
2020/04/17,19.82,20.03,19.82,20.0,0
2020/04/20,19.91,19.97,19.85,19.96,0
2020/04/21,19.98,19.98,19.58,19.62,0
2020/04/22,19.5,19.74,19.41,19.74,0
2020/04/23,19.8,19.97,19.8,19.89,0
2020/04/24,19.88,19.88,19.71,19.73,0
2020/04/27,20.02,20.04,19.8,19.97,0
2020/04/28,19.98,20.14,19.76,20.1,0
2020/04/29,20.1,20.24,20.03,20.16,0
2020/04/30,20.2,20.47,20.2,20.27,0
2020/05/04,19.7,19.75,19.1,19.41,0
2020/05/05,19.5,19.6,19.36,19.45,0
2020/05/06,19.7,20.09,19.64,20.07,0
2020/05/07,20.07,20.22,20.06,20.15,0
2020/05/08,20.22,20.48,20.22,20.48,0
2020/05/11,20.49,20.64,20.39,20.4,0
2020/05/12,20.39,20.43,20.29,20.37,0
2020/05/13,20.35,20.35,20.19,20.29,0
2020/05/14,20.17,20.24,20.14,20.16,0
2020/05/15,20.16,20.36,20.01,20.15,0
2020/05/18,20.3,20.3,20.0,20.23,0
2020/05/19,20.36,20.43,20.24,20.31,0
2020/05/20,20.33,20.41,20.26,20.4,0
2020/05/21,20.4,20.42,20.3,20.34,0
2020/05/22,20.32,20.32,19.8,19.8,0
2020/05/25,19.81,19.93,19.6,19.8,0
2020/05/26,20.02,20.02,19.9,19.95,0
2020/05/27,19.95,19.98,19.84,19.87,0
2020/05/28,19.87,20.07,19.75,19.87,0
2020/05/29,19.85,19.97,19.74,19.88,0
2020/06/01,19.9,20.45,19.9,20.45,0
2020/06/02,20.45,20.58,20.34,20.56,0
2020/06/03,20.72,20.92,20.7,20.71,0
2020/06/04,20.73,20.81,20.54,20.6,0
2020/06/05,20.55,20.61,20.53,20.57,0
2020/06/08,20.76,20.97,20.75,20.76,0
2020/06/09,20.84,20.98,20.8,20.97,0
2020/06/10,20.89,20.97,20.82,20.85,0
2020/06/11,20.85,20.85,20.54,20.54,0
2020/06/12,20.06,20.51,20.05,20.5,0
2020/06/15,20.5,20.5,20.27,20.27,0
2020/06/16,20.31,20.53,20.31,20.52,0
2020/06/17,20.54,20.54,20.36,20.42,0
2020/06/18,20.43,20.6,20.34,20.59,0
2020/06/19,20.6,20.81,20.6,20.76,0
2020/06/22,20.71,20.88,20.63,20.79,0
2020/06/23,20.88,20.88,20.56,20.78,0
2020/06/24,20.76,21.0,20.76,20.89,0
2020/06/29,20.8,20.95,20.66,20.71,0
2020/06/30,20.8,20.94,20.79,20.94,0
2020/07/01,20.94,21.53,20.92,21.35,0
